"name","rating","rating_count","rgWa7D","rgWa7D 2","rgWa7D 3","rgWa7D 4","rgWa7D 5","rgWa7D 6","_30jeq3"
"DELL Vostro Core i3 10th Gen - (8 GB/512 GB SSD/Windows 11 Home) Vostro 3510 Thin and Light Laptop","4","191 Ratings","Intel Core i3 Processor (10th Gen)","8 GB DDR4 RAM","64 bit Windows 11 Operating System","512 GB SSD","39.62 cm (15.6 Inch) Display","1 Year Onsite Warranty","₹41,846"
"DELL G15 Core i7 12th Gen - (16 GB/512 GB SSD/Windows 11 Home/6 GB Graphics/NVIDIA GeForce RTX 3060) G...","3.9","11 Ratings","Intel Core i7 Processor (12th Gen)","16 GB DDR5 RAM","64 bit Windows 11 Operating System","512 GB SSD","39.62 cm (15.6 Inch) Display","1 Year Premium Support","₹1,30,490"
"ASUS VivoBook 15 (2022) Core i3 10th Gen - (8 GB/512 GB SSD/Windows 11 Home) X515JA-EJ362WS | X515JA-E...","4.3","8,462 Ratings","Intel Core i3 Processor (10th Gen)","8 GB DDR4 RAM","64 bit Windows 11 Operating System","512 GB SSD","39.62 cm (15.6 inch) Display","Office Home and Student 2021","₹32,990"
"Lenovo Celeron Dual Core - (4 GB/256 GB HDD/256 GB SSD/DOS) 82C3A008IH Laptop","3.7","27 Ratings","Intel Celeron Dual Core Processor","4 GB LPDDR4 RAM","DOS Operating System","256 GB HDD|256 GB SSD","39.62 cm (15.6 inch) Display","1 Years Warranty","₹19,990"
"DELL Inspiron Core i3 11th Gen - (8 GB/1 TB HDD/256 GB SSD/Windows 11 Home) D560841WIN9S Thin and Ligh...","4.7","18 Ratings","Intel Core i3 Processor (11th Gen)","8 GB DDR4 RAM","Windows 11 Operating System","1 TB HDD|256 GB SSD","39.62 cm (15.6 inch) Display","1 YEAR","₹39,990"
"HP 14s Intel Core i3 11th Gen - (8 GB/512 GB SSD/Windows 11 Home) 14s - dy2508TU Thin and Light Laptop","4.2","2,977 Ratings","Intel Core i3 Processor (11th Gen)","8 GB DDR4 RAM","64 bit Windows 11 Operating System","512 GB SSD","35.56 cm (14 inch) Display","Microsoft Office Home & Student 2021","₹40,990"
"ASUS ROG Strix G15 Ryzen 7 Octa Core AMD R7-4800H - (16 GB/1 TB SSD/Windows 11 Home/4 GB Graphics/NVID...","4.7","83 Ratings","AMD Ryzen 7 Octa Core Processor","16 GB DDR4 RAM","Windows 11 Operating System","1 TB SSD","39.62 cm (15.6 inch) Display","Microsoft Office Home & Student","₹85,990"
"DELL Ryzen 7 Octa Core AMD R7-6800H - (16 GB/512 GB SSD/Windows 11 Home/4 GB Graphics/NVIDIA GeForce R...","","","Processor: AMD R7-6800H (3.20 GHz Up to 4.70 Ghz 8 cores 16MB L3 Cache)","RAM & Storage: 16GB, 2x8GB, DDR5, 4800Mhz & 512GB SSD","Display & Graphics: 15.6"" FHD WVA AG 120Hz 250 nits Narrow Border & NVIDIA GEFORCE RTX 3050 (4GB GDDR6)","Software & Keyboard: Win 11 + Office H&S 2021 & Backlit Keyboard Orange","Ports: (1) HDMI 2.1, (3) SuperSpeed USB 3.2 Gen 1 Type-A, (1) USB Type C Gen 3.2 Display Port Alt-Mode, Headphone/Mic, (1) RJ45","AMD Ryzen 7 Octa Core Processor","₹99,990"
"APPLE 2020 Macbook Air M1 - (8 GB/256 GB SSD/Mac OS Big Sur) MGN63HN/A","4.7","8,325 Ratings","Apple M1 Processor","8 GB DDR4 RAM","Mac OS Operating System","256 GB SSD","33.78 cm (13.3 inch) Display","Built-in Apps: iMovie, Siri, GarageBand, Pages, Numbers, Photos, Keynote, Safari, Mail, FaceTime, Messages, Maps, Stocks, Home, Voice Memos, Notes, Calendar, Contacts, Reminders, Photo Booth, Preview, Books, App Store, Time Machine, TV, Music, Podcasts, Find My, QuickTime Player","₹88,990"
"Lenovo IdeaPad 3 Core i3 11th Gen - (8 GB/512 GB SSD/Windows 11 Home) 82H801L7IN | 82H802FJIN | 82H802...","4.2","3,764 Ratings","Intel Core i3 Processor (11th Gen)","8 GB DDR4 RAM","64 bit Windows 11 Operating System","512 GB SSD","39.62 cm (15.6 inch) Display","Office Home and Student 2021","₹37,490"
"HP Pavilion Ryzen 5 Hexa Core AMD R5-5600H - (8 GB/512 GB SSD/Windows 11 Home/4 GB Graphics/NVIDIA GeF...","4.5","146 Ratings","AMD Ryzen 5 Hexa Core Processor","8 GB DDR4 RAM","64 bit Windows 11 Operating System","512 GB SSD","39.62 cm (15.6 inch) Display","Microsoft Office Home & Student 2019","₹59,990"
"DELL Ryzen 3 Quad Core 5425U - (8 GB/512 GB SSD/Windows 11 Home) Vostro 3425 Thin and Light Laptop","4.2","23 Ratings","Processor: R3-5425U (2.70 GHz up to 4.1 GHz)","RAM & Storage: 8GB DDR4 & 512GB SSD","Display:14.0"" FHD WVA AG Narrow Border 250 nits","Software: Win 11 + Office H&S 2021","Ports: 1 USB3.2 Gen1 Type-C port, 1 USB3.2 Gen1 port?, 1 USB 2.0 part?, 1 Headset jack, 1 HDMI 1.4, 1 Flip-down RJ 45 port 10/100/1000 Mbps?, 1 SD 3.0 card slot","WiFi & BT: 802.11ac 1x1 WiFi and Bluetooth","₹40,490"
"DELL Inspiron Pentium Silver - (8 GB/256 GB SSD/Windows 11 Home) Inspiron 3521 Notebook","4.1","290 Ratings","Processor: Intel PQC-N5030 (1.10 GHz up to 3.10 GHz)","RAM & Storage: 8GB DDR4 & 256GB SSD","Display: 15.6"" HD AG Narrow Border","Software: Win 11 + Office H&S 2021","2x USB 3.2 Gen1 ,1x USB 2.0, HDMI 1.4, SD Card reader, Audio jack, 1 M.2 2230/2280 slot for solid-state drive/Intel Optane","WiFi & BT: 802.11ac 1x1 WiFi and Bluetooth","₹30,428"
"acer Aspire 7 Ryzen 5 Hexa Core 5500U - (16 GB/512 GB SSD/Windows 11 Home/4 GB Graphics/NVIDIA GeForce...","4.4","5,060 Ratings","AMD Ryzen 5 Hexa Core Processor","16 GB DDR4 RAM","64 bit Windows 11 Operating System","512 GB SSD","39.62 cm (15.6 Inch) Display","Acer Care Center, Acer Product Registration, Quick Access, Acer Care Center","₹53,990"
"ASUS TUF Gaming F15 Core i5 10th Gen - (8 GB/512 GB SSD/Windows 11 Home/4 GB Graphics/NVIDIA GeForce G...","4.4","3,781 Ratings","Intel Core i5 Processor (10th Gen)","8 GB DDR4 RAM","Windows 11 Operating System","512 GB SSD","39.62 cm (15.6 inch) Display","1 Year Onsite Warranty","₹52,990"
"DELL Ryzen 5 Hexa Core AMD R5-6600H - (16 GB/512 GB SSD/Windows 11 Home/4 GB Graphics/NVIDIA GeForce R...","2.3","3 Ratings","Processor: AMDR5-6600H (3.30 GHz Up to 4.50 Ghz 6 cores 16MB L3 Cache)","RAM & Storage: 16GB, 2x8GB, DDR5, 4800Mhz & 512GB SSD","Display & Graphics: 15.6"" FHD WVA AG 120Hz 250 nits Narrow Border & NVIDIA GEFORCE RTX 3050 (4GB GDDR6)","Software & Keyboard: Win 11 + Office H&S 2021 & Backlit Keyboard Orange","Ports: (1) HDMI 2.1, (3) SuperSpeed USB 3.2 Gen 1 Type-A, (1) USB Type C Gen 3.2 Display Port Alt-Mode, Headphone/Mic, (1) RJ45","AMD Ryzen 5 Hexa Core Processor","₹84,990"
"ASUS Vivobook S14 OLED (2022) Intel EVO Core i5 12th Gen - (16 GB/512 GB SSD/Windows 11 Home) S3402ZA-...","4.5","990 Ratings","Intel Core i5 Processor (12th Gen)","16 GB DDR4 RAM","64 bit Windows 11 Operating System","512 GB SSD","35.56 cm (14 Inch) Display","1 Year Onsite Warranty","₹75,990"
"MSI Bravo 15 Ryzen 5 Hexa Core AMD R5-5600H - (8 GB/512 GB SSD/Windows 11 Home/4 GB Graphics/AMD Radeo...","4.4","1,764 Ratings","AMD Ryzen 5 Hexa Core Processor","8 GB DDR4 RAM","64 bit Windows 11 Operating System","512 GB SSD","39.62 cm (15.6 inch) Display","1 Year Warranty","₹49,990"
"DELL Inspiron Athlon Dual Core 3050U - (8 GB/256 GB SSD/Windows 11 Home) Inspiron 3525 Notebook","4.2","896 Ratings","Processor: AMD Athlon Silver 3050U (2.30 GHz up to 3.20 GHz)","RAM & Storage: 8GB DDR4 & 256GB SSD","Display: 15.6"" HD AG Narrow Border","Software: Win 11 + Office H&S 2021","Ports: 2 USB 3.2 Gen 1 ports, 1 USB 2.0 port, 1 Headset jack, 1 HDMI 1.4 port*, 1 SD 3.0 card slot","WiFi & BT: 802.11ac 1x1 WiFi and Bluetooth","₹31,990"
"RedmiBook Pro Core i5 11th Gen - (8 GB/512 GB SSD/Windows 11 Home) Thin and Light Laptop","4.2","3,188 Ratings","Intel Core i5 Processor (11th Gen)","8 GB DDR4 RAM","Windows 11 Operating System","512 GB SSD","39.62 cm (15.6 inch) Display","MS Office Home & Student 2019, Mi Smart Share, DTS Audio processing","₹42,990"
"HP Pavilion Ryzen 5 Hexa Core AMD R5-5600H - (8 GB/512 GB SSD/Windows 10/4 GB Graphics/NVIDIA GeForce ...","4.4","10,736 Ratings","AMD Ryzen 5 Hexa Core Processor","8 GB DDR4 RAM","64 bit Windows 10 Operating System","512 GB SSD","39.62 cm (15.6 inch) Display","HP Documentation, HP e-service, HP BIOS Recovery, HP SSRM, HP Smart, HP Jumpstarts","₹52,990"
"Infinix INBook X2 Plus Core i3 11th Gen - (8 GB/256 GB SSD/Windows 11 Home) XL25 Thin and Light Laptop","4.4","22 Ratings","Intel Core i3 Processor (11th Gen)","8 GB LPDDR4X RAM","64 bit Windows 11 Operating System","256 GB SSD","39.62 cm (15.6 Inch) Display","1 Year Onsite Warranty","₹32,990"
"ASUS Vivobook S14 OLED (2022) Intel EVO Core i5 12th Gen - (16 GB/512 GB SSD/Windows 11 Home) S3402ZA-...","4.5","990 Ratings","Intel Core i5 Processor (12th Gen)","16 GB DDR4 RAM","64 bit Windows 11 Operating System","512 GB SSD","35.56 cm (14 Inch) Display","1 Year Onsite Warranty","₹71,990"
"Lenovo IdeaPad 3 Core i3 11th Gen - (8 GB/256 GB SSD/Windows 11 Home) 14ITL05 Thin and Light Laptop","4.2","636 Ratings","Intel Core i3 Processor (11th Gen)","8 GB DDR4 RAM","64 bit Windows 11 Operating System","256 GB SSD","35.56 cm (14 inch) Display","Office Home and Student 2021","₹29,990"
"DELL Vostro Core i3 10th Gen - (8 GB/512 GB SSD/Windows 11 Home) Vostro 3510 Thin and Light Laptop","4","191 Ratings","Intel Core i3 Processor (10th Gen)","8 GB DDR4 RAM","64 bit Windows 11 Operating System","512 GB SSD","39.62 cm (15.6 Inch) Display","1 Year Onsite Warranty","₹41,846"
"DELL G15 Core i7 12th Gen - (16 GB/512 GB SSD/Windows 11 Home/6 GB Graphics/NVIDIA GeForce RTX 3060) G...","3.9","11 Ratings","Intel Core i7 Processor (12th Gen)","16 GB DDR5 RAM","64 bit Windows 11 Operating System","512 GB SSD","39.62 cm (15.6 Inch) Display","1 Year Premium Support","₹1,30,490"
"ASUS VivoBook 15 (2022) Core i3 10th Gen - (8 GB/512 GB SSD/Windows 11 Home) X515JA-EJ362WS | X515JA-E...","4.3","8,462 Ratings","Intel Core i3 Processor (10th Gen)","8 GB DDR4 RAM","64 bit Windows 11 Operating System","512 GB SSD","39.62 cm (15.6 inch) Display","Office Home and Student 2021","₹32,990"
"Lenovo Celeron Dual Core - (4 GB/256 GB HDD/256 GB SSD/DOS) 82C3A008IH Laptop","3.7","27 Ratings","Intel Celeron Dual Core Processor","4 GB LPDDR4 RAM","DOS Operating System","256 GB HDD|256 GB SSD","39.62 cm (15.6 inch) Display","1 Years Warranty","₹19,990"
"DELL Inspiron Core i3 11th Gen - (8 GB/1 TB HDD/256 GB SSD/Windows 11 Home) D560841WIN9S Thin and Ligh...","4.7","18 Ratings","Intel Core i3 Processor (11th Gen)","8 GB DDR4 RAM","Windows 11 Operating System","1 TB HDD|256 GB SSD","39.62 cm (15.6 inch) Display","1 YEAR","₹39,990"
"HP 14s Intel Core i3 11th Gen - (8 GB/512 GB SSD/Windows 11 Home) 14s - dy2508TU Thin and Light Laptop","4.2","2,977 Ratings","Intel Core i3 Processor (11th Gen)","8 GB DDR4 RAM","64 bit Windows 11 Operating System","512 GB SSD","35.56 cm (14 inch) Display","Microsoft Office Home & Student 2021","₹40,990"
"ASUS ROG Strix G15 Ryzen 7 Octa Core AMD R7-4800H - (16 GB/1 TB SSD/Windows 11 Home/4 GB Graphics/NVID...","4.7","83 Ratings","AMD Ryzen 7 Octa Core Processor","16 GB DDR4 RAM","Windows 11 Operating System","1 TB SSD","39.62 cm (15.6 inch) Display","Microsoft Office Home & Student","₹85,990"
"DELL Ryzen 7 Octa Core AMD R7-6800H - (16 GB/512 GB SSD/Windows 11 Home/4 GB Graphics/NVIDIA GeForce R...","","","Processor: AMD R7-6800H (3.20 GHz Up to 4.70 Ghz 8 cores 16MB L3 Cache)","RAM & Storage: 16GB, 2x8GB, DDR5, 4800Mhz & 512GB SSD","Display & Graphics: 15.6"" FHD WVA AG 120Hz 250 nits Narrow Border & NVIDIA GEFORCE RTX 3050 (4GB GDDR6)","Software & Keyboard: Win 11 + Office H&S 2021 & Backlit Keyboard Orange","Ports: (1) HDMI 2.1, (3) SuperSpeed USB 3.2 Gen 1 Type-A, (1) USB Type C Gen 3.2 Display Port Alt-Mode, Headphone/Mic, (1) RJ45","AMD Ryzen 7 Octa Core Processor","₹99,990"
"APPLE 2020 Macbook Air M1 - (8 GB/256 GB SSD/Mac OS Big Sur) MGN63HN/A","4.7","8,325 Ratings","Apple M1 Processor","8 GB DDR4 RAM","Mac OS Operating System","256 GB SSD","33.78 cm (13.3 inch) Display","Built-in Apps: iMovie, Siri, GarageBand, Pages, Numbers, Photos, Keynote, Safari, Mail, FaceTime, Messages, Maps, Stocks, Home, Voice Memos, Notes, Calendar, Contacts, Reminders, Photo Booth, Preview, Books, App Store, Time Machine, TV, Music, Podcasts, Find My, QuickTime Player","₹88,990"
"Lenovo IdeaPad 3 Core i3 11th Gen - (8 GB/512 GB SSD/Windows 11 Home) 82H801L7IN | 82H802FJIN | 82H802...","4.2","3,764 Ratings","Intel Core i3 Processor (11th Gen)","8 GB DDR4 RAM","64 bit Windows 11 Operating System","512 GB SSD","39.62 cm (15.6 inch) Display","Office Home and Student 2021","₹37,490"
"HP Pavilion Ryzen 5 Hexa Core AMD R5-5600H - (8 GB/512 GB SSD/Windows 11 Home/4 GB Graphics/NVIDIA GeF...","4.5","146 Ratings","AMD Ryzen 5 Hexa Core Processor","8 GB DDR4 RAM","64 bit Windows 11 Operating System","512 GB SSD","39.62 cm (15.6 inch) Display","Microsoft Office Home & Student 2019","₹59,990"
"DELL Ryzen 3 Quad Core 5425U - (8 GB/512 GB SSD/Windows 11 Home) Vostro 3425 Thin and Light Laptop","4.2","23 Ratings","Processor: R3-5425U (2.70 GHz up to 4.1 GHz)","RAM & Storage: 8GB DDR4 & 512GB SSD","Display:14.0"" FHD WVA AG Narrow Border 250 nits","Software: Win 11 + Office H&S 2021","Ports: 1 USB3.2 Gen1 Type-C port, 1 USB3.2 Gen1 port?, 1 USB 2.0 part?, 1 Headset jack, 1 HDMI 1.4, 1 Flip-down RJ 45 port 10/100/1000 Mbps?, 1 SD 3.0 card slot","WiFi & BT: 802.11ac 1x1 WiFi and Bluetooth","₹40,490"
"DELL Inspiron Pentium Silver - (8 GB/256 GB SSD/Windows 11 Home) Inspiron 3521 Notebook","4.1","290 Ratings","Processor: Intel PQC-N5030 (1.10 GHz up to 3.10 GHz)","RAM & Storage: 8GB DDR4 & 256GB SSD","Display: 15.6"" HD AG Narrow Border","Software: Win 11 + Office H&S 2021","2x USB 3.2 Gen1 ,1x USB 2.0, HDMI 1.4, SD Card reader, Audio jack, 1 M.2 2230/2280 slot for solid-state drive/Intel Optane","WiFi & BT: 802.11ac 1x1 WiFi and Bluetooth","₹30,428"
"acer Aspire 7 Ryzen 5 Hexa Core 5500U - (16 GB/512 GB SSD/Windows 11 Home/4 GB Graphics/NVIDIA GeForce...","4.4","5,060 Ratings","AMD Ryzen 5 Hexa Core Processor","16 GB DDR4 RAM","64 bit Windows 11 Operating System","512 GB SSD","39.62 cm (15.6 Inch) Display","Acer Care Center, Acer Product Registration, Quick Access, Acer Care Center","₹53,990"
"ASUS TUF Gaming F15 Core i5 10th Gen - (8 GB/512 GB SSD/Windows 11 Home/4 GB Graphics/NVIDIA GeForce G...","4.4","3,781 Ratings","Intel Core i5 Processor (10th Gen)","8 GB DDR4 RAM","Windows 11 Operating System","512 GB SSD","39.62 cm (15.6 inch) Display","1 Year Onsite Warranty","₹52,990"
"DELL Ryzen 5 Hexa Core AMD R5-6600H - (16 GB/512 GB SSD/Windows 11 Home/4 GB Graphics/NVIDIA GeForce R...","2.3","3 Ratings","Processor: AMDR5-6600H (3.30 GHz Up to 4.50 Ghz 6 cores 16MB L3 Cache)","RAM & Storage: 16GB, 2x8GB, DDR5, 4800Mhz & 512GB SSD","Display & Graphics: 15.6"" FHD WVA AG 120Hz 250 nits Narrow Border & NVIDIA GEFORCE RTX 3050 (4GB GDDR6)","Software & Keyboard: Win 11 + Office H&S 2021 & Backlit Keyboard Orange","Ports: (1) HDMI 2.1, (3) SuperSpeed USB 3.2 Gen 1 Type-A, (1) USB Type C Gen 3.2 Display Port Alt-Mode, Headphone/Mic, (1) RJ45","AMD Ryzen 5 Hexa Core Processor","₹84,990"
"ASUS Vivobook S14 OLED (2022) Intel EVO Core i5 12th Gen - (16 GB/512 GB SSD/Windows 11 Home) S3402ZA-...","4.5","990 Ratings","Intel Core i5 Processor (12th Gen)","16 GB DDR4 RAM","64 bit Windows 11 Operating System","512 GB SSD","35.56 cm (14 Inch) Display","1 Year Onsite Warranty","₹75,990"
"MSI Bravo 15 Ryzen 5 Hexa Core AMD R5-5600H - (8 GB/512 GB SSD/Windows 11 Home/4 GB Graphics/AMD Radeo...","4.4","1,764 Ratings","AMD Ryzen 5 Hexa Core Processor","8 GB DDR4 RAM","64 bit Windows 11 Operating System","512 GB SSD","39.62 cm (15.6 inch) Display","1 Year Warranty","₹49,990"
"DELL Inspiron Athlon Dual Core 3050U - (8 GB/256 GB SSD/Windows 11 Home) Inspiron 3525 Notebook","4.2","896 Ratings","Processor: AMD Athlon Silver 3050U (2.30 GHz up to 3.20 GHz)","RAM & Storage: 8GB DDR4 & 256GB SSD","Display: 15.6"" HD AG Narrow Border","Software: Win 11 + Office H&S 2021","Ports: 2 USB 3.2 Gen 1 ports, 1 USB 2.0 port, 1 Headset jack, 1 HDMI 1.4 port*, 1 SD 3.0 card slot","WiFi & BT: 802.11ac 1x1 WiFi and Bluetooth","₹31,990"
"RedmiBook Pro Core i5 11th Gen - (8 GB/512 GB SSD/Windows 11 Home) Thin and Light Laptop","4.2","3,188 Ratings","Intel Core i5 Processor (11th Gen)","8 GB DDR4 RAM","Windows 11 Operating System","512 GB SSD","39.62 cm (15.6 inch) Display","MS Office Home & Student 2019, Mi Smart Share, DTS Audio processing","₹42,990"
"HP Pavilion Ryzen 5 Hexa Core AMD R5-5600H - (8 GB/512 GB SSD/Windows 10/4 GB Graphics/NVIDIA GeForce ...","4.4","10,736 Ratings","AMD Ryzen 5 Hexa Core Processor","8 GB DDR4 RAM","64 bit Windows 10 Operating System","512 GB SSD","39.62 cm (15.6 inch) Display","HP Documentation, HP e-service, HP BIOS Recovery, HP SSRM, HP Smart, HP Jumpstarts","₹52,990"
"Infinix INBook X2 Plus Core i3 11th Gen - (8 GB/256 GB SSD/Windows 11 Home) XL25 Thin and Light Laptop","4.4","22 Ratings","Intel Core i3 Processor (11th Gen)","8 GB LPDDR4X RAM","64 bit Windows 11 Operating System","256 GB SSD","39.62 cm (15.6 Inch) Display","1 Year Onsite Warranty","₹32,990"
"ASUS Vivobook S14 OLED (2022) Intel EVO Core i5 12th Gen - (16 GB/512 GB SSD/Windows 11 Home) S3402ZA-...","4.5","990 Ratings","Intel Core i5 Processor (12th Gen)","16 GB DDR4 RAM","64 bit Windows 11 Operating System","512 GB SSD","35.56 cm (14 Inch) Display","1 Year Onsite Warranty","₹71,990"
"Lenovo IdeaPad 3 Core i3 11th Gen - (8 GB/256 GB SSD/Windows 11 Home) 14ITL05 Thin and Light Laptop","4.2","636 Ratings","Intel Core i3 Processor (11th Gen)","8 GB DDR4 RAM","64 bit Windows 11 Operating System","256 GB SSD","35.56 cm (14 inch) Display","Office Home and Student 2021","₹29,990"
"Lenovo IdeaPad 3 Ryzen 5 Hexa Core 5500U - (8 GB/512 GB SSD/Windows 11 Home) 15ALC6 Thin and Light Lap...","4.3","1,290 Ratings","AMD Ryzen 5 Hexa Core Processor","8 GB DDR4 RAM","64 bit Windows 11 Operating System","512 GB SSD","39.62 cm (15.6 inch) Display","Office Home and Student 2021","₹44,990"
"Lenovo IdeaPad 3 Celeron Dual Core - (8 GB/256 GB SSD/Windows 11 Home) 81WQ00MQIN|81WQ00NXIN Laptop","4.1","246 Ratings","Intel Celeron Dual Core Processor","8 GB DDR4 RAM","64 bit Windows 11 Operating System","256 GB SSD","39.62 cm (15.6 Inch) Display","2 Years Onsite�Warranty","₹28,990"
"ASUS TUF Dash F15 (2022) Core i5 12th Gen - (8 GB/512 GB SSD/Windows 11 Home/4 GB Graphics/NVIDIA GeFo...","4.3","66 Ratings","Intel Core i5 Processor (12th Gen)","8 GB DDR5 RAM","Windows 11 Operating System","512 GB SSD","39.62 cm (15.6 inch) Display","Microsoft Office Home & Student","₹82,990"
"DELL Inspiron Ryzen 7 Octa Core 5825U - (8 GB/512 GB SSD/Windows 11 Home) Inspiron 3525 Notebook","4","22 Ratings","Processor: AMD Ryzen 7-5825U (2.00 GHz up to 4.50 GHz)","RAM & Storage: 8GB DDR4 (2 DIMM Slots) & 512GB SSD","Software: Win 11 + Office H&S 2021","Display: 15.6"" FHD WVA AG Narrow Border 120Hz 250 nits","Ports: 1 USB 3.2 Gen 1 port, 1 USB 3.2 Gen 1 Type-C port, 1 USB 2.0 port, 1 Headset jack, 1 HDMI 1.4 port*, 1 SD 3.0 card slot","AMD Ryzen 7 Octa Core Processor","₹63,390"
"DELL Ryzen 5 Hexa Core AMD R5-5600H - (16 GB/512 GB SSD/Windows 11 Home/4 GB Graphics/NVIDIA GeForce R...","4.6","216 Ratings","Processor: AMD Ryzen R5-5600H (3.30 GHz up to 4.20 GHz) 16MB L3","RAM & Storage: 16GB DDR4 (2 DIMM Slots) & 512GB SSD","Graphics: NVIDIA GEFORCE RTX 3050 (4GB GDDR6) TGP Up To 80W","Display: 15.6"" FHD WVA AG 250 nits 120Hz Narrow Border, Backlit Keyboard Orange","Color: Phantom Grey with speckles","Ports: (1) HDMI 2.1, (2) SuperSpeed USB 2.0 Gen 1 Type-A including (1) with PowerShare, (1) SuperSpeed USB 3.2, (1) USB-C Data/Display Port Alt-Mode, Headphone/Mic, (1) RJ45","₹75,490"
"ASUS VivoBook 15 (2022) Core i5 10th Gen - (8 GB/512 GB SSD/Windows 11 Home) X515JA-EJ562WS | X515JA-E...","4.3","5,592 Ratings","Intel Core i5 Processor (10th Gen)","8 GB DDR4 RAM","64 bit Windows 11 Operating System","512 GB SSD","39.62 cm (15.6 inch) Display","Office Home and Student 2021","₹44,990"
"HP Ryzen 3 Dual Core - (8 GB/256 GB SSD/Windows 11 Home) 15S-ER1501AU Laptop","4","3 Ratings","AMD Ryzen 3 Dual Core Processor","8 GB DDR4 RAM","Windows 11 Operating System","256 GB SSD","39.62 cm (15.6 inch) Display","1 YEAR","₹28,990"
"Lenovo Legion 5 Ryzen 7 Octa Core AMD R7-5800H - (16 GB/2 TB SSD/Windows 10 Home/6 GB Graphics/NVIDIA ...","4.7","17 Ratings","AMD Ryzen 7 Octa Core Processor","16 GB DDR4 RAM","64 bit Windows 10 Operating System","2 TB SSD","39.62 cm (15.6 inch) Display","Microsoft Office Home and Student 2019","₹1,37,990"
"HP 15s Intel Core i5 12th Gen - (8 GB/512 GB SSD/Windows 11 Home) 15s-fq5111TU Thin and Light Laptop","4.2","1,599 Ratings","Intel Core i5 Processor (12th Gen)","8 GB DDR4 RAM","64 bit Windows 11 Operating System","512 GB SSD","39.62 cm (15.6 inch) Display","1 Year Onsite Warranty","₹56,999"
"Lenovo IdeaPad 1 Ryzen 5 Quad Core 3500U - (8 GB/512 GB SSD/Windows 11 Home) 15ADA7 Thin and Light Lap...","4.2","565 Ratings","AMD Ryzen 5 Quad Core Processor","8 GB DDR4 RAM","64 bit Windows 11 Operating System","512 GB SSD","39.62 cm (15.6 Inch) Display","2 Years Onsite�Warranty","₹39,125"
"realme Book(Slim) Intel Evo Core i5 11th Gen - (8 GB/512 GB SSD/Windows 10 Home) RMNB1002 Thin and Lig...","4.4","6,624 Ratings","Powered by 11th Gen Intel Evo Core i5 Processor","Microsoft Office 2019 Home & Student Included","Stylish Thin and Light Laptop without Optical Disk Drive","Intel Core i5 Processor (11th Gen)","8 GB DDR4 RAM","64 bit Windows 10 Operating System","₹48,790"
"Lenovo IdeaPad Gaming 3 Ryzen 5 Hexa Core 5600H - (8 GB/512 GB SSD/Windows 10 Home/4 GB Graphics/NVIDI...","4","15 Ratings","AMD Ryzen 5 Hexa Core Processor","8 GB DDR4 RAM","64 bit Windows 10 Operating System","512 GB SSD","39.62 cm (15.6 inch) Display","1 Year Warranty Term","₹73,990"
"Lenovo IdeaPad 3 Core i5 11th Gen - (8 GB/512 GB SSD/Windows 11 Home) 15ITL6 Thin and Light Laptop","4.2","234 Ratings","Intel Core i5 Processor (11th Gen)","8 GB DDR4 RAM","64 bit Windows 11 Operating System","512 GB SSD","39.62 cm (15.6 inch) Display","2 Years Onsite Warranty","₹53,490"
"MSI GF63 Thin Core i5 11th Gen - (8 GB/512 GB SSD/Windows 11 Home/4 GB Graphics/NVIDIA GeForce GTX 165...","4.4","310 Ratings","Intel Core i5 Processor (11th Gen)","8 GB DDR4 RAM","64 bit Windows 11 Operating System","512 GB SSD","39.62 cm (15.6 inch) Display","Windows 11 Home, MSI Center, CoolerBoost","₹50,990"
"ASUS Vivobook Pro 15 Ryzen 7 Octa Core AMD R7-4800H - (16 GB/512 GB SSD/Windows 11 Home/4 GB Graphics/...","4.5","505 Ratings","AMD Ryzen 7 Octa Core Processor","16 GB DDR4 RAM","64 bit Windows 11 Operating System","512 GB SSD","39.62 cm (15.6 Inch) Display","1 Year Onsite Warranty","₹61,990"
"Lenovo Ideapad Gaming 3 Ryzen 5 Hexa Core AMD R5-5600H - (16 GB/512 GB SSD/Windows 11 Home/4 GB Graphi...","4.6","16 Ratings","AMD Ryzen 5 Hexa Core Processor","16 GB DDR4 RAM","64 bit Windows 11 Operating System","512 GB SSD","39.62 cm (15.6 inch) Display","Microsoft Office Home & Student 2021","₹76,490"
"APPLE 2022 MacBook AIR M2 - (8 GB/256 GB SSD/Mac OS Monterey) MLY33HN/A","4.8","77 Ratings","Apple M2 Processor","8 GB Unified Memory RAM","Mac OS Operating System","256 GB SSD","34.54 cm (13.6 Inch) Display","Built-in Apps: iMovie, Siri, GarageBand, Pages, Numbers, Photos, Keynote, Safari, Mail, FaceTime, Messages, Maps, Stocks, Home, Voice Memos, Notes, Calendar, Contacts, Reminders, Photo Booth, Preview, Books, App Store, Time Machine, TV, Music, Podcasts, Find My, QuickTime Player","₹1,12,990"
"acer Aspire Ryzen 5 Quad Core 3500U - (8 GB/512 GB SSD/Windows 11 Home) A315-23 Laptop","4.2","272 Ratings","AMD Ryzen 5 Quad Core Processor","8 GB DDR4 RAM","64 bit Windows 11 Operating System","512 GB SSD","39.62 cm (15.6 inch) Display","1 Year International Travelers Warranty (ITW)","₹35,990"
"ASUS TUF Gaming F15 (2022) Core i7 12th Gen - (16 GB/1 TB SSD/Windows 11 Home/6 GB Graphics/NVIDIA GeF...","4.8","8 Ratings","Intel Core i7 Processor (12th Gen)","16 GB DDR5 RAM","64 bit Windows 11 Operating System","1 TB SSD","39.62 cm (15.6 inch) Display","1 Year Onsite Warranty","₹1,18,990"
"Lenovo Ideapad Gaming 3 Ryzen 5 Hexa Core AMD R5-5600H - (8 GB/512 GB SSD/Windows 11 Home/4 GB Graphic...","4.5","381 Ratings","AMD Ryzen 5 Hexa Core Processor","8 GB DDR4 RAM","64 bit Windows 11 Operating System","512 GB SSD","39.62 cm (15.6 inch) Display","1 Year Onsite�Warranty�+ 1 Year Premium Care + 1 Year Accidental Damage Protection","₹58,950"
"RedmiBook Pro Core i5 11th Gen - (8 GB/512 GB SSD/Windows 11 Home) Thin and Light Laptop","4.2","3,188 Ratings","Intel Core i5 Processor (11th Gen)","8 GB DDR4 RAM","Windows 11 Operating System","512 GB SSD","39.62 cm (15.6 inch) Display","MS Office Home & Student 2019, Mi Smart Share, DTS Audio processing","₹42,990"
"Lenovo IdeaPad 3 Core i3 11th Gen - (8 GB/256 GB SSD/Windows 11 Home) 14ITL05 Thin and Light Laptop","4.2","636 Ratings","Intel Core i3 Processor (11th Gen)","8 GB DDR4 RAM","64 bit Windows 11 Operating System","256 GB SSD","35.56 cm (14 inch) Display","Office Home and Student 2021","₹29,990"
"Lenovo IdeaPad 3 Core i3 11th Gen - (8 GB/256 GB SSD/Windows 11 Home) 15ITL05 Thin and Light Laptop","4.2","149 Ratings","Intel Core i3 Processor (11th Gen)","8 GB DDR4 RAM","64 bit Windows 11 Operating System","256 GB SSD","39.62 cm (15.6 Inch) Display","2 Years Onsite�Warranty","₹38,490"
"Lenovo IdeaPad Gaming Core i5 11th Gen - (8 GB/512 GB SSD/Windows 11 Home/4 GB Graphics/NVIDIA GeForce...","4.3","2,194 Ratings","Intel Core i5 Processor (11th Gen)","8 GB DDR4 RAM","64 bit Windows 11 Operating System","512 GB SSD","39.62 cm (15.6 Inch) Display","1 Year Onsite Warranty + 1 Year Premium Care + 1 Year Accidentaly Damage Protection","₹52,990"
"RedmiBook Pro Core i3 11th Gen - (8 GB/256 GB SSD/Windows 11 Home) Thin and Light Laptop","4.2","3,710 Ratings","Intel Core i3 Processor (11th Gen)","8 GB DDR4 RAM","Windows 11 Operating System","256 GB SSD","39.62 cm (15.6 inch) Display","MS Office Home & Student 2019, Mi Smart Share, DTS Audio processing","₹30,990"
"acer Extensa Core i3 11th Gen - (8 GB/256 GB SSD/Windows 11 Home) EX 215-54 Thin and Light Laptop","4.4","278 Ratings","Intel Core i3 Processor (11th Gen)","8 GB DDR4 RAM","64 bit Windows 11 Operating System","256 GB SSD","39.62 cm (15.6 Inch) Display","1 Year International Travelers Warranty (ITW)","₹32,890"
"Lenovo IdeaPad Core i3 11th Gen - (8 GB/512 GB SSD/Windows 11 Home) 81X800J3IN | 81X800LGIN Thin and L...","4.3","328 Ratings","Intel Core i3 Processor (11th Gen)","8 GB DDR4 RAM","64 bit Windows 11 Operating System","512 GB SSD","39.62 cm (15.6 Inch) Display","Office Home and Student 2021","₹39,990"
"Lenovo IdeaPad Gaming Ryzen 5 Hexa Core 4600H - (8 GB/512 GB SSD/Windows 10 Home/4 GB Graphics/NVIDIA ...","4.5","188 Ratings","AMD Ryzen 5 Hexa Core Processor","8 GB DDR4 RAM","64 bit Windows 10 Operating System","512 GB SSD","39.62 cm (15.6 inch) Display","Microsoft Office (Trial Only)","₹62,650"
"HP 15s Intel Core i5 12th Gen - (16 GB/512 GB SSD/Windows 11 Home) 15s-fq5112TU Thin and Light Laptop","4.1","85 Ratings","Intel Core i5 Processor (12th Gen)","16 GB DDR4 RAM","64 bit Windows 11 Operating System","512 GB SSD","39.62 cm (15.6 inch) Display","1 Year Onsite Warranty","₹62,990"
"APPLE MacBook Air M1 - (16 GB/512 GB SSD/Mac OS Big Sur) Z124J006KD","4.7","603 Ratings","Apple M1 Processor","16 GB DDR4 RAM","Mac OS Operating System","512 GB SSD","33.78 cm (13.3 inch) Display","Built-in Apps: iMovie, Siri, GarageBand, Pages, Numbers, Photos, Keynote, Safari, Mail, FaceTime, Messages, Maps, Stocks, Home, Voice Memos, Notes, Calendar, Contacts, Reminders, Photo Booth, Preview, Books, App Store, Time Machine, TV, Music, Podcasts, Find My, QuickTime Player","₹1,24,990"
"HP Ryzen 5 Hexa Core 5500U - (8 GB/512 GB SSD/Windows 11 Home) 15s- eq2144au Thin and Light Laptop","4.3","830 Ratings","AMD Ryzen 5 Hexa Core Processor","8 GB DDR4 RAM","64 bit Windows 11 Operating System","512 GB SSD","39.62 cm (15.6 inch) Display","Microsoft Office Home 2019 & Office 365, HP Documentation, HP SSRM, HP Smart","₹47,127"
"Lenovo ThinkPad E15 Core i5 11th Gen - (8 GB/512 GB SSD/Windows 10 Home) E15 Laptop","4.1","96 Ratings","Intel Core i5 Processor (11th Gen)","8 GB DDR4 RAM","64 bit Windows 10 Operating System","512 GB SSD","39.62 cm (15.6 inch) Display","Microsoft Office Home & Student 2019","₹64,990"
"Infinix INBook X1 Neo Series Celeron Quad Core - (4 GB/128 GB SSD/Windows 11 Home) XL22 Thin and Light...","4.2","553 Ratings","Intel Celeron Quad Core Processor","4 GB LPDDR4X RAM","64 bit Windows 11 Operating System","128 GB SSD","35.56 cm (14 inch) Display","1 Year Onsite Warranty","₹20,990"
"Lenovo IdeaPad 3 Core i5 12th Gen - (8 GB/512 GB SSD/Windows 11 Home) 15IAU7 Thin and Light Laptop","4.2","167 Ratings","Intel Core i5 Processor (12th Gen)","8 GB DDR4 RAM","64 bit Windows 11 Operating System","512 GB SSD","39.62 cm (15.6 Inch) Display","2 Year Onsite Warranty","₹53,990"
"HP Pavilion Intel Core i5 12th Gen - (16 GB/512 GB SSD/Windows 11 Home) 14-dv2014TU Thin and Light Lap...","4.4","179 Ratings","Intel Core i5 Processor (12th Gen)","16 GB DDR4 RAM","64 bit Windows 11 Operating System","512 GB SSD","35.56 cm (14 inch) Display","Microsoft Office Home & Student 2021, HP Documentation, HP BIOS recovery, HP Smart","₹68,999"
"Lenovo IdeaPad Gaming 3 Ryzen 7 Octa Core AMD R7-5800H - (8 GB/512 GB SSD/Windows 11 Home/4 GB Graphic...","4.5","310 Ratings","AMD Ryzen 7 Octa Core Processor","8 GB DDR4 RAM","64 bit Windows 11 Operating System","512 GB SSD","39.62 cm (15.6 inch) Display","1 Year Onsite�Warranty�+ 1 Year Premium Care + 1 Year Accidental Damage Protection","₹73,690"
"DELL Inspiron Core i3 11th Gen - (8 GB/1 TB HDD/Windows 11 Home) Inspiron 3511 Thin and Light Laptop","3.7","661 Ratings","Intel Core i3 Processor (11th Gen)","8 GB DDR4 RAM","64 bit Windows 11 Operating System","1 TB HDD","38.0 cm (14.96 inch) Display","NA","₹37,429"
"HP Ryzen 3 Dual Core 3250U - (8 GB/256 GB SSD/Windows 11 Home) 15s-ey1508AU Thin and Light Laptop","4.1","765 Ratings","AMD Ryzen 3 Dual Core Processor","8 GB DDR4 RAM","64 bit Windows 11 Operating System","256 GB SSD","39.62 cm (15.6 mm) Display","Microsoft Office 2021 Home and Student, HP Documentation, HP BIOS recovery, HP Smart","₹28,990"
"DELL Ryzen 3 Quad Core 5425U - (8 GB/256 GB SSD/Windows 11 Home) Vostro 3425 Thin and Light Laptop","4.6","38 Ratings","Processor: R3-5425U (2.70 GHz up to 4.1 GHz)","RAM & Storage: 8GB DDR4 & 256GB SSD","Display:14.0"" FHD WVA AG Narrow Border 250 nits","Software: Win 11 + Office H&S 2021","Ports: 1 USB3.2 Gen1 Type-C port, 1 USB3.2 Gen1 port?, 1 USB 2.0 part?, 1 Headset jack, 1 HDMI 1.4, 1 Flip-down RJ 45 port 10/100/1000 Mbps?, 1 SD 3.0 card slot","WiFi & BT: 802.11ac 1x1 WiFi and Bluetooth","₹36,390"
"Lenovo IdeaPad Gaming 3 Ryzen 5 Hexa Core AMD R5-5600H - (8 GB/512 GB SSD/Windows 11 Home/4 GB Graphic...","4.3","8 Ratings","AMD Ryzen 5 Hexa Core Processor","8 GB DDR4 RAM","64 bit Windows 11 Operating System","512 GB SSD","39.62 cm (15.6 inch) Display","NA","₹67,500"
"ASUS Vivobook 15 Touch Core i5 11th Gen - (8 GB/512 GB SSD/Windows 11 Home) X515EA-EZ501WS Thin and Li...","4.3","102 Ratings","Intel Core i5 Processor (11th Gen)","8 GB DDR4 RAM","Windows 11 Operating System","512 GB SSD","39.62 cm (15.6 inch) Touchscreen Display","Microsoft Office Home & Student 2021","₹51,990"
"HP Athlon Dual Core 3050U - (8 GB/256 GB SSD/Windows 11 Home) 14s-fq0568AU Thin and Light Laptop","3.9","452 Ratings","AMD Athlon Dual Core Processor","8 GB DDR4 RAM","64 bit Windows 11 Operating System","256 GB SSD","35.56 cm (14 inch) Display","1 Year Onsite Warranty","₹26,499"
"acer Ryzen 3 Dual Core 3250U - (8 GB/256 GB SSD/Windows 11 Home) Z2-493 Thin and Light Laptop","4","195 Ratings","AMD Ryzen 3 Dual Core Processor","8 GB DDR4 RAM","64 bit Windows 11 Operating System","256 GB SSD","35.56 cm (14 inch) Display","1 Year International Travelers Warranty (ITW)","₹25,990"
"Lenovo IdeaPad Gaming 3 Core i5 11th Gen - (8 GB/512 GB SSD/Windows 11 Home/4 GB Graphics/NVIDIA GeFor...","4.3","296 Ratings","Intel Core i5 Processor (11th Gen)","8 GB DDR4 RAM","64 bit Windows 11 Operating System","512 GB SSD","39.62 cm (15.6 inch) Display","Office Home and Student 2021","₹66,490"
"Lenovo IdeaPad Gaming Core i5 11th Gen - (8 GB/512 GB SSD/Windows 11 Home/4 GB Graphics/NVIDIA GeForce...","4.3","2,194 Ratings","Intel Core i5 Processor (11th Gen)","8 GB DDR4 RAM","64 bit Windows 11 Operating System","512 GB SSD","39.62 cm (15.6 Inch) Display","1 Year Onsite Warranty + 1 Year Premium Care + 1 Year Accidentaly Damage Protection","₹52,990"
"APPLE MacBook Air M1 - (16 GB/256 GB SSD/Mac OS Big Sur) Z124J001KD","4.7","603 Ratings","Apple M1 Processor","16 GB DDR4 RAM","Mac OS Operating System","256 GB SSD","33.78 cm (13.3 inch) Display","Built-in Apps: iMovie, Siri, GarageBand, Pages, Numbers, Photos, Keynote, Safari, Mail, FaceTime, Messages, Maps, Stocks, Home, Voice Memos, Notes, Calendar, Contacts, Reminders, Photo Booth, Preview, Books, App Store, Time Machine, TV, Music, Podcasts, Find My, QuickTime Player","₹1,04,990"
"Infinix INBook X2 Plus Core i3 11th Gen - (8 GB/512 GB SSD/Windows 11 Home) XL25 Thin and Light Laptop","4.2","42 Ratings","Intel Core i3 Processor (11th Gen)","8 GB LPDDR4X RAM","64 bit Windows 11 Operating System","512 GB SSD","39.62 cm (15.6 Inch) Display","1 Year Onsite Warranty","₹33,990"
"DELL Inspiron Ryzen 5 Quad Core 3450U - (8 GB/512 GB SSD/Windows 11 Home) Inspiron 3515 Thin and Light...","4","114 Ratings","AMD Ryzen 5 Quad Core Processor","8 GB DDR4 RAM","64 bit Windows 11 Operating System","512 GB SSD","39.62 cm (15.6 inch) Display","Microsoft Office Home and Student 2021","₹50,990"
"APPLE 2020 Macbook Air M1 - (8 GB/256 GB SSD/Mac OS Big Sur) MGND3HN/A","4.7","8,325 Ratings","Apple M1 Processor","8 GB DDR4 RAM","Mac OS Operating System","256 GB SSD","33.78 cm (13.3 inch) Display","Built-in Apps: iMovie, Siri, GarageBand, Pages, Numbers, Photos, Keynote, Safari, Mail, FaceTime, Messages, Maps, Stocks, Home, Voice Memos, Notes, Calendar, Contacts, Reminders, Photo Booth, Preview, Books, App Store, Time Machine, TV, Music, Podcasts, Find My, QuickTime Player","₹88,990"
"ASUS VivoBook 15 (2021) Core i5 10th Gen - (8 GB/512 GB SSD/Windows 11 Home) X515JA-BQ521WS Thin and L...","4.2","493 Ratings","Intel Core i5 Processor (10th Gen)","8 GB DDR4 RAM","64 bit Windows 11 Operating System","512 GB SSD","39.62 cm (15.6 inch) Display","Office Home and Student 2021","₹45,990"
"ASUS VivoBook 14 (2021) Celeron Dual Core - (4 GB/256 GB SSD/Windows 11 Home) X415MA-BV011W Thin and L...","4.1","526 Ratings","Intel Celeron Dual Core Processor","4 GB DDR4 RAM","64 bit Windows 11 Operating System","256 GB SSD","35.56 cm (14 inch) Display","1 Year Onsite Warranty","₹23,990"
"HP 14s Intel Core i3 11th Gen - (8 GB/256 GB SSD/Windows 11 Home) 14s - dy2507TU Thin and Light Laptop","4.2","1,013 Ratings","Intel Core i3 Processor (11th Gen)","8 GB DDR4 RAM","64 bit Windows 11 Operating System","256 GB SSD","35.56 cm (14 inch) Display","1 Year Onsite Warranty","₹36,990"
"ASUS TUF Gaming A15 with 90Whr Battery Ryzen 7 Octa Core 5800H - (16 GB/512 GB SSD/Windows 11 Home/6 G...","4.6","93 Ratings","AMD Ryzen 7 Octa Core Processor","16 GB DDR4 RAM","64 bit Windows 11 Operating System","512 GB SSD","39.62 cm (15.6 Inch) Display","1 Year Onsite Warranty","₹87,990"
"ASUS VivoBook K15 OLED (2022) Core i3 11th Gen - (8 GB/512 GB SSD/Windows 11 Home) K513EA-L312WS Thin ...","4.5","541 Ratings","Intel Core i3 Processor (11th Gen)","8 GB DDR4 RAM","64 bit Windows 11 Operating System","512 GB SSD","39.62 cm (15.6 inch) Display","Office Home and Student 2021","₹45,990"
"ASUS VivoBook 15 (2022) Core i5 11th Gen - (8 GB/1 TB HDD/256 GB SSD/Windows 10 Home) X515EA-EJ502TS T...","4.3","3,320 Ratings","Intel Core i5 Processor (11th Gen)","8 GB DDR4 RAM","Windows 10 Operating System","1 TB HDD|256 GB SSD","39.62 cm (15.6 inch) Display","Microsoft Office Home & Student 2019","₹50,990"
"acer Extensa Core i3 11th Gen - (8 GB/512 GB SSD/Windows 11 Home) EX 215-54/ EX 215-54-356V Thin and L...","4.1","607 Ratings","Intel Core i3 Processor (11th Gen)","8 GB DDR4 RAM","64 bit Windows 11 Operating System","512 GB SSD","39.62 cm (15.6 Inch) Display","1 Year International Travelers Warranty (ITW)","₹34,990"
"Infinix INBook X2 Plus Core i5 11th Gen - (8 GB/512 GB SSD/Windows 11 Home) XL25 Thin and Light Laptop","4.2","23 Ratings","Intel Core i5 Processor (11th Gen)","8 GB LPDDR4X RAM","64 bit Windows 11 Operating System","512 GB SSD","39.62 cm (15.6 Inch) Display","1 Year Onsite Warranty","₹42,990"
"ASUS Vivobook Pro 15 OLED Ryzen 7 Octa Core AMD R7-4800H - (16 GB/512 GB SSD/Windows 11 Home/4 GB Grap...","4.6","316 Ratings","AMD Ryzen 7 Octa Core Processor","16 GB DDR4 RAM","64 bit Windows 11 Operating System","512 GB SSD","39.62 cm (15.6 Inch) Display","1 Year Onsite Warranty","₹67,990"
"ASUS Core i3 11th Gen - (8 GB/256 GB SSD/Windows 11 Home) X515EA-EJ312WS Thin and Light Laptop","4.3","1,040 Ratings","Intel Core i3 Processor (11th Gen)","8 GB DDR4 RAM","64 bit Windows 11 Operating System","256 GB SSD","39.62 cm (15.6 inch) Display","Office Home and Student 2021","₹33,990"
"ASUS VivoBook K15 OLED (2022) Core i5 11th Gen - (16 GB/1 TB HDD/256 GB SSD/Windows 11 Home) K513EA-L5...","4.4","607 Ratings","Intel Core i5 Processor (11th Gen)","16 GB DDR4 RAM","64 bit Windows 11 Operating System","1 TB HDD|256 GB SSD","39.62 cm (15.6 inch) Display","Office Home and Student 2021","₹64,990"
"ASUS Vivobook 15 Touch Core i3 11th Gen - (8 GB/512 GB SSD/Windows 11 Home) X515EA-EZ311WS Thin and Li...","4.2","261 Ratings","Intel Core i3 Processor (11th Gen)","8 GB DDR4 RAM","64 bit Windows 11 Operating System","512 GB SSD","39.62 cm (15.6 Inch) Touchscreen Display","1 Year Onsite Warranty","₹41,990"
"ASUS VivoBook 14 (2022) Ryzen 7 Quad Core AMD R7-3700U - (16 GB/512 GB SSD/Windows 11 Home) M415DA-EB5...","4.2","1,046 Ratings","AMD Ryzen 7 Quad Core Processor","16 GB DDR4 RAM","64 bit Windows 11 Operating System","512 GB SSD","35.56 cm (14 inch) Display","Office Home and Student 2021","₹46,990"
"Infinix X1 Slim Series Core i3 10th Gen - (8 GB/256 GB SSD/Windows 11 Home) XL21 Thin and Light Laptop","4.2","3,714 Ratings","Intel Core i3 Processor (10th Gen)","8 GB LPDDR4X RAM","64 bit Windows 11 Operating System","256 GB SSD","35.56 cm (14 inch) Display","NA","₹29,990"
"APPLE 2022 MacBook Pro M2 - (8 GB/256 GB SSD/Mac OS Monterey) MNEP3HN/A","4.6","9 Ratings","Apple M2 Processor","8 GB Unified Memory RAM","Mac OS Operating System","256 GB SSD","33.78 cm (13.3 Inch) Display","Built-in Apps: iMovie, Siri, GarageBand, Pages, Numbers, Photos, Keynote, Safari, Mail, FaceTime, Messages, Maps, Stocks, Home, Voice Memos, Notes, Calendar, Contacts, Reminders, Photo Booth, Preview, Books, App Store, Time Machine, TV, Music, Podcasts, Find My, QuickTime Player","₹1,21,990"
"Lenovo IdeaPad 3 Core i3 10th Gen - (8 GB/256 GB SSD/Windows 11 Home) 81WA00Q3IN|81WA00MEIN Thin and L...","4.3","681 Ratings","Intel Core i3 Processor (10th Gen)","8 GB DDR4 RAM","64 bit Windows 11 Operating System","256 GB SSD","35.56 cm (14 inch) Display","2 Years Onsite�Warranty","₹34,490"
"HP Core i3 11th Gen - (8 GB/512 GB SSD/Windows 11 Home) 15s-fr2511TU Thin and Light Laptop","4.2","229 Ratings","Intel Core i3 Processor (11th Gen)","8 GB DDR4 RAM","64 bit Windows 11 Operating System","512 GB SSD","39.62 cm (15.6 Inch) Display","Microsoft Office 2021 Home & Student, HP Documentation, HP BIOS recovery, HP Smart","₹43,480"
"APPLE MacBook Air M1 - (16 GB/256 GB SSD/Mac OS Big Sur) Z124J005KD","4.7","603 Ratings","Apple M1 Processor","16 GB DDR4 RAM","Mac OS Operating System","256 GB SSD","33.78 cm (13.3 inch) Display","Built-in Apps: iMovie, Siri, GarageBand, Pages, Numbers, Photos, Keynote, Safari, Mail, FaceTime, Messages, Maps, Stocks, Home, Voice Memos, Notes, Calendar, Contacts, Reminders, Photo Booth, Preview, Books, App Store, Time Machine, TV, Music, Podcasts, Find My, QuickTime Player","₹1,04,990"
"HP Ryzen 5 Hexa Core 5500U - (8 GB/512 GB SSD/Windows 11 Home) 14s-fq1092au Thin and Light Laptop","4.2","1,633 Ratings","AMD Ryzen 5 Hexa Core Processor","8 GB DDR4 RAM","64 bit Windows 11 Operating System","512 GB SSD","35.56 cm (14 inch) Display","Microsoft Office Home & Student 2019, HP Documentation, HP SSRM, HP Smart ""","₹48,333"
"Lenovo IdeaPad 1 Ryzen 3 Dual Core 3250U - (8 GB/512 GB SSD/Windows 11 Home) 15ADA7 Thin and Light Lap...","4.2","630 Ratings","AMD Ryzen 3 Dual Core Processor","8 GB DDR4 RAM","64 bit Windows 11 Operating System","512 GB SSD","39.62 cm (15.6 Inch) Display","2 Years Onsite�Warranty","₹37,990"
"DELL Inspiron Core i3 11th Gen - (8 GB/1 TB HDD/256 GB SSD/Windows 11 Home) Inspiron 3511,Inspiron 300...","4.3","1,796 Ratings","Processor: Intel i3-1115G4 (Base- 1.70 GHz & Turbo up to 4.10 GHz) 2 Cores","RAM & Storage: 8GB DDR4 & 1TB + 256GB SSD","Graphics & Keyboard: Integrated & Standard Keyboard","Display: 15.6"" FHD WVA AG Narrow Border","Ports: 2x USB 3.2 Gen1 ,1x USB 2.0, HDMI 1.4, SD Card reader, Audio jack, 1 M.2 2230/2280 slot for solid-state drive/Intel Optane","Intel Core i3 Processor (11th Gen)","₹40,000"
"HP Pavilion Intel Core i5 12th Gen - (8 GB/512 GB SSD/Windows 11 Home) 14-dv2053TU Thin and Light Lapt...","4.2","78 Ratings","Intel Core i5 Processor (12th Gen)","8 GB DDR4 RAM","64 bit Windows 11 Operating System","512 GB SSD","35.56 cm (14 Inch) Display","HP Documentation, HP BIOS recovery, HP Smart, Microsoft Office Home & Student 2021","₹63,111"
"acer Nitro 5 Ryzen 5 Hexa Core 5600H - (8 GB/1 TB HDD/512 GB SSD/Windows 11 Home/4 GB Graphics/NVIDIA ...","4.2","151 Ratings","AMD Ryzen 5 Hexa Core Processor","8 GB DDR4 RAM","Windows 11 Operating System","1 TB HDD|512 GB SSD","39.62 cm (15.6 Inch) Display","1 Year International Travelers Warranty (ITW)","₹70,990"
"ASUS Asus Vivobook 15 Pentium Quad Core - (4 GB/1 TB HDD/Windows 11 Home) X515MA-BR101W Laptop","3.4","25 Ratings","Intel Pentium Quad Core Processor","4 GB DDR4 RAM","64 bit Windows 11 Operating System","1 TB HDD","39.62 cm (15.6 inch) Display","1 Year Onsite Warranty","₹24,990"
"APPLE 2022 MacBook Pro M2 - (8 GB/512 GB SSD/Mac OS Monterey) MNEQ3HN/A","4.7","6 Ratings","Apple M2 Processor","8 GB Unified Memory RAM","Mac OS Operating System","512 GB SSD","33.78 cm (13.3 Inch) Display","Built-in Apps: iMovie, Siri, GarageBand, Pages, Numbers, Photos, Keynote, Safari, Mail, FaceTime, Messages, Maps, Stocks, Home, Voice Memos, Notes, Calendar, Contacts, Reminders, Photo Booth, Preview, Books, App Store, Time Machine, TV, Music, Podcasts, Find My, QuickTime Player","₹1,39,990"
"ASUS VivoBook Ultra K15 OLED Core i3 11th Gen - (8 GB/1 TB HDD/256 GB SSD/Windows 11 Home) K513EA-L322...","4.3","405 Ratings","Intel Core i3 Processor (11th Gen)","8 GB DDR4 RAM","64 bit Windows 11 Operating System","1 TB HDD|256 GB SSD","39.62 cm (15.6 inch) Display","1 Year Onsite Warranty","₹44,990"
"ASUS Vivobook Ultra 14 (2022) Core i3 11th Gen - (8 GB/512 GB SSD/Windows 11 Home) K413EA-EB302WS Thin...","4.3","282 Ratings","Intel Core i3 Processor (11th Gen)","8 GB DDR4 RAM","64 bit Windows 11 Operating System","512 GB SSD","35.56 cm (14 inch) Display","1 Year Onsite Warranty","₹39,990"
"SAMSUNG Galaxy Book Go Snapdragon 7c Gen 2 - (4 GB/128 GB EMMC Storage/Windows 11 Home) NP340XLA-KA1IN...","4.4","88 Ratings","Qualcomm Snapdragon 7c Gen 2 Processor","4 GB LPDDR4X RAM","Windows 11 Operating System","35.56 cm (14 Inch) Display","Office Home and Student 2021","1 Year Onsite Warranty","₹32,990"
"HP Victus Core i5 11th Gen - (8 GB/512 GB SSD/Windows 11 Home/4 GB Graphics/NVIDIA GeForce RTX 3050/14...","4.3","325 Ratings","Intel Core i5 Processor (11th Gen)","8 GB DDR4 RAM","64 bit Windows 11 Operating System","512 GB SSD","40.89 cm (16.1 inch) Display","Microsoft Office Home & Student 2019","₹67,990"
"HP 15s Ryzen 3 Dual Core 3250U - (8 GB/1 TB HDD/256 GB SSD/Windows 10 Home) 15s-GR0012AU Laptop","4.3","4,360 Ratings","AMD Ryzen 3 Dual Core Processor","8 GB DDR4 RAM","64 bit Windows 10 Operating System","1 TB HDD|256 GB SSD","39.62 cm (15.6 inch) Display","Microsoft Office Home and Student 2019, HP Documentation, HP SSRM, HP Smart, HP Support Assistant","₹39,999"
"HP Ryzen 3 Quad Core 5300U - (8 GB/512 GB SSD/Windows 11 Home) 15s-eq2143au Thin and Light Laptop","4.2","1,557 Ratings","AMD Ryzen 3 Quad Core Processor","8 GB DDR4 RAM","64 bit Windows 11 Operating System","512 GB SSD","39.62 cm (15.6 inch) Display","Microsoft Office 2019 & Office 365, HP Documentation, HP BIOS recovery, HP Smart","₹38,600"
"ASUS TUF Gaming F15 Core i5 10th Gen - (8 GB/1 TB SSD/Windows 11 Home/4 GB Graphics/NVIDIA GeForce GTX...","4.5","96 Ratings","Intel Core i5 Processor (10th Gen)","8 GB DDR4 RAM","64 bit Windows 11 Operating System","1 TB SSD","39.62 cm (15.6 Inch) Display","1 Year Onsite Warranty","₹59,990"
"APPLE 2022 MacBook AIR M2 - (8 GB/512 GB SSD/Mac OS Monterey) MLY43HN/A","4.6","23 Ratings","Apple M2 Processor","8 GB Unified Memory RAM","Mac OS Operating System","512 GB SSD","34.54 cm (13.6 Inch) Display","Built-in Apps: iMovie, Siri, GarageBand, Pages, Numbers, Photos, Keynote, Safari, Mail, FaceTime, Messages, Maps, Stocks, Home, Voice Memos, Notes, Calendar, Contacts, Reminders, Photo Booth, Preview, Books, App Store, Time Machine, TV, Music, Podcasts, Find My, QuickTime Player","₹1,39,990"
"HP 14s Intel Core i5 12th Gen - (16 GB/512 GB SSD/Windows 11 Home) 14s - dy5005TU Thin and Light Lapto...","4.1","1,070 Ratings","Intel Core i5 Processor (12th Gen)","16 GB DDR4 RAM","64 bit Windows 11 Operating System","512 GB SSD","35.56 cm (14 inch) Display","Microsoft Office Home & Student 2021","₹61,999"
"MSI GF63 Thin Core i7 11th Gen - (16 GB/512 GB SSD/Windows 10 Home/4 GB Graphics/NVIDIA GeForce RTX 30...","4.4","912 Ratings","Intel Core i7 Processor (11th Gen)","16 GB DDR4 RAM","64 bit Windows 10 Operating System","512 GB SSD","39.62 cm (15.6 inch) Display","PCI-e SSD (NVMe) ready,Cooler Boost,Matrix Display (Extend),Hi-Res Audio,Nahimic 3,144Hz Panel,Thin Bezel","₹77,990"
"ASUS VivoBook Flip 14 Core i3 11th Gen - (8 GB/256 GB SSD/Windows 11 Home) TP470EA-EC301WS 2 in 1 Lapt...","4.6","90 Ratings","Intel Core i3 Processor (11th Gen)","8 GB LPDDR4X RAM","64 bit Windows 11 Operating System","256 GB SSD","35.56 cm (14 Inch) Touchscreen Display","1 Year Onsite warranty","₹45,990"
"ASUS VivoBook K15 OLED Ryzen 7 Octa Core AMD R7-5700U - (16 GB/512 GB SSD/Windows 11 Home) KM513UA-L71...","4.3","832 Ratings","AMD Ryzen 7 Octa Core Processor","16 GB DDR4 RAM","64 bit Windows 11 Operating System","512 GB SSD","39.62 cm (15.6 Inch) Display","1 Year onsite warranty","₹60,990"
"acer Extensa 15 Core i3 11th Gen - (4 GB/256 GB SSD/Windows 11 Home) EX215-54/ EX215-54-39DE Thin and ...","4.1","159 Ratings","Intel Core i3 Processor (11th Gen)","4 GB DDR4 RAM","64 bit Windows 11 Operating System","256 GB SSD","39.62 cm (15.6 inch) Display","Acer Care Center, Quick Access, Acer Product Registration","₹29,990"
"HP Victus Intel Core i5 12th Gen - (8 GB/512 GB SSD/Windows 11 Home/4 GB Graphics/NVIDIA GeForce GTX 1...","4.3","329 Ratings","Intel Core i5 Processor (12th Gen)","8 GB DDR4 RAM","64 bit Windows 11 Operating System","512 GB SSD","39.62 cm (15.6 Inch) Display","1 Year Onsite Warranty","₹65,990"
"DELL Vostro Ryzen 3 Dual Core R3-3250U - (8 GB/1 TB HDD/Windows 11 Home) Vostro 3405 Thin and Light La...","3.8","411 Ratings","Processor: AMD Ryzen 3-3250U (2.60 GHz up to 3.50 GHz)","RAM & Storage: 8GB DDR4 (2 DIMM Slots) & 1TB HDD","Software: Win 11 + Office H&S 2021","Display: 14.0"" FHD WVA AG Narrow Border","Ports: USB 3.2 Gen 1 (x2), USB2.0 (x1), HDMI 1.4, SD Media Card Reader (SD, SDHC, SDXC), RJ45 - 10/100Mbps","WiFi & BT: 802.11ac 1x1 WiFi and Bluetooth","₹33,949"
"ASUS Core i3 10th Gen - (8 GB/512 GB SSD/Windows 11 Home) X515JA-EJ382WS Laptop","4.4","81 Ratings","Intel Core i3 Processor (10th Gen)","8 GB DDR4 RAM","Windows 11 Operating System","512 GB SSD","39.62 cm (15.6 inch) Display","1 Year Manufacturer","₹35,990"
"Lenovo IdeaPad 3 Core i5 12th Gen - (16 GB/512 GB SSD/Windows 11 Home/Intel Integrated Iris Xe) 15IAU7...","4.1","66 Ratings","Intel Core i5 Processor (12th Gen)","16 GB DDR4 RAM","64 bit Windows 11 Operating System","512 GB SSD","39.62 cm (15.6 Inch) Display","2 Years Onsite�Warranty","₹62,490"
"APPLE 2022 MacBook AIR M2 - (8 GB/256 GB SSD/Mac OS Monterey) MLY13HN/A","4.9","36 Ratings","Apple M2 Processor","8 GB Unified Memory RAM","Mac OS Operating System","256 GB SSD","34.54 cm (13.6 Inch) Display","Built-in Apps: iMovie, Siri, GarageBand, Pages, Numbers, Photos, Keynote, Safari, Mail, FaceTime, Messages, Maps, Stocks, Home, Voice Memos, Notes, Calendar, Contacts, Reminders, Photo Booth, Preview, Books, App Store, Time Machine, TV, Music, Podcasts, Find My, QuickTime Player","₹1,12,990"
"ASUS Ryzen 3 Dual Core AMD R3-3250U - (8 GB/256 GB SSD/Windows 10 Home) M515DA-BQ322TS Thin and Light ...","4.3","2,619 Ratings","AMD Ryzen 3 Dual Core Processor","8 GB DDR4 RAM","64 bit Windows 10 Operating System","256 GB SSD","39.62 cm (15.6 inch) Display","Office Home and Student 2019 included","₹27,990"
"ASUS VivoBook 15 (2022) Core i3 10th Gen - (8 GB/512 GB SSD/Windows 11 Home) X515JA-BQ322WS Thin and L...","4.3","8,462 Ratings","Intel Core i3 Processor (10th Gen)","8 GB DDR4 RAM","64 bit Windows 11 Operating System","512 GB SSD","39.62 cm (15.6 inch) Display","Office Home and Student 2021","₹35,990"
"ASUS VivoBook 14 (2022) Core i5 11th Gen - (8 GB/1 TB HDD/256 GB SSD/Windows 11 Home) X415EA-EB572WS T...","4.2","590 Ratings","Intel Core i5 Processor (11th Gen)","8 GB DDR4 RAM","64 bit Windows 11 Operating System","1 TB HDD|256 GB SSD","35.56 cm (14 inch) Display","Office Home and Student 2021","₹49,990"
"Lenovo IdeaPad 3 Core i5 10th Gen - (8 GB/512 GB SSD/Windows 10 Home) 15IML05 Thin and Light Laptop","4.2","260 Ratings","Intel Core i5 Processor (10th Gen)","8 GB DDR4 RAM","Windows 10 Operating System","512 GB SSD","39.62 cm (15.6 Inch) Display","Microsoft Office Home & Student 2019","₹48,490"
"ASUS Core i3 10th Gen - (8 GB/512 GB SSD/Windows 11 Home) X515JA-EJ382WS Laptop","4.4","81 Ratings","Intel Core i3 Processor (10th Gen)","8 GB DDR4 RAM","Windows 11 Operating System","512 GB SSD","39.62 cm (15.6 inch) Display","1 Year Manufacturer","₹35,990"
"ASUS VivoBook 14 (2022) Core i3 12th Gen - (8 GB/512 GB SSD/Windows 11 Home) X1402ZA-EB311WS Thin and ...","4.1","19 Ratings","Intel Core i3 Processor (12th Gen)","8 GB DDR4 RAM","Windows 11 Operating System","512 GB SSD","35.56 cm (14 inch) Display","Office Home and Student 2021","₹47,990"
"ASUS EeeBook 14 with NumberPad Pentium Silver - (8 GB/256 GB SSD/Windows 11 Home) E410KA-BV103WS Thin ...","4","90 Ratings","Intel Pentium Silver Processor","8 GB DDR4 RAM","64 bit Windows 11 Operating System","256 GB SSD","35.56 cm (14 Inch) Display","1 Year Onsite warranty","₹27,990"
"Lenovo IdeaPad Gaming 3 Ryzen 7 Octa Core 4800H - (8 GB/512 GB SSD/Windows 10 Home/4 GB Graphics/NVIDI...","4.4","145 Ratings","AMD Ryzen 7 Octa Core Processor","8 GB DDR4 RAM","64 bit Windows 10 Operating System","512 GB SSD","39.62 cm (15.6 inch) Display","Microsoft Office Home and Student 2019","₹78,500"
"Lenovo Yoga 6 Ryzen 5 Hexa Core 5500U - (16 GB/512 GB SSD/Windows 10 Home) 13ALC6 Thin and Light Lapto...","4.9","8 Ratings","AMD Ryzen 5 Hexa Core Processor","16 GB DDR4 RAM","64 bit Windows 10 Operating System","512 GB SSD","33.78 cm (13.3 inch) Touchscreen Display","Microsoft Office Home & Student 2019","₹74,990"
"HP Athlon Dual Core 3050U - (8 GB/512 GB SSD/Windows 11 Home) 15s- eq1559AU Thin and Light Laptop","4.2","550 Ratings","AMD Athlon Dual Core Processor","8 GB DDR4 RAM","64 bit Windows 11 Operating System","512 GB SSD","39.62 cm (15.6 inch) Display","1 Year Onsite Warranty","₹29,490"
"ASUS TUF Dash F15 Core i7 12th Gen - (16 GB/1 TB SSD/Windows 11 Home/4 GB Graphics/NVIDIA GeForce RTX ...","4.5","110 Ratings","Intel Core i7 Processor (12th Gen)","16 GB DDR5 RAM","64 bit Windows 11 Operating System","1 TB SSD","39.62 cm (15.6 inch) Display","1 Year Onsite Warranty","₹99,990"
"APPLE 2022 MacBook AIR M2 - (8 GB/256 GB SSD/Mac OS Monterey) MLXY3HN/A","4.6","11 Ratings","Apple M2 Processor","8 GB Unified Memory RAM","Mac OS Operating System","256 GB SSD","34.54 cm (13.6 Inch) Display","Built-in Apps: iMovie, Siri, GarageBand, Pages, Numbers, Photos, Keynote, Safari, Mail, FaceTime, Messages, Maps, Stocks, Home, Voice Memos, Notes, Calendar, Contacts, Reminders, Photo Booth, Preview, Books, App Store, Time Machine, TV, Music, Podcasts, Find My, QuickTime Player","₹1,12,990"
"APPLE 2021 Macbook Pro M1 Pro - (16 GB/512 GB SSD/Mac OS Monterey) MK183HN/A","4.8","111 Ratings","Apple M1 Pro Processor","16 GB Unified Memory RAM","Mac OS Operating System","512 GB SSD","41.15 cm (16.2 inch) Display","iMovie, Siri, GarageBand, Pages, Numbers, Photos, Keynote, Safari, Mail, FaceTime, Messages, Maps, Stocks, Home, Voice Memos, Notes, Calendar, Contacts, Reminders, Photo Booth, Preview, Books, App Store, Time Machine, TV, Music, Podcasts, Find My, QuickTime Player","₹2,22,990"
"ASUS Vivobook Pro 15 OLED Core i5 12th Gen - (16 GB/512 GB SSD/Windows 11 Home/4 GB Graphics/NVIDIA Ge...","4.7","17 Ratings","Intel Core i5 Processor (12th Gen)","16 GB LPDDR5 RAM","64 bit Windows 11 Operating System","512 GB SSD","39.62 cm (15.6 Inch) Display","1 Year Onsite Warranty","₹89,990"
"ASUS Vivobook Flip 14 (2022) Touch Panel Core i5 12th Gen - (8 GB/512 GB SSD/Windows 11 Home) TP3402ZA...","4.8","6 Ratings","Intel Core i5 Processor (12th Gen)","8 GB DDR4 RAM","64 bit Windows 11 Operating System","512 GB SSD","35.56 cm (14 inch) Touchscreen Display","1 Year Onsite Warranty","₹74,990"
"APPLE 2021 Macbook Pro M1 Pro - (16 GB/1 TB SSD/Mac OS Monterey) MK1F3HN/A","4.8","111 Ratings","Apple M1 Pro Processor","16 GB Unified Memory RAM","Mac OS Operating System","1 TB SSD","41.15 cm (16.2 inch) Display","iMovie, Siri, GarageBand, Pages, Numbers, Photos, Keynote, Safari, Mail, FaceTime, Messages, Maps, Stocks, Home, Voice Memos, Notes, Calendar, Contacts, Reminders, Photo Booth, Preview, Books, App Store, Time Machine, TV, Music, Podcasts, Find My, QuickTime Player","₹2,41,990"
"Lenovo IdeaPad 5 Core i5 11th Gen - (16 GB/512 GB SSD/Windows 11 Home) 14ITL05 Thin and Light Laptop","4.2","163 Ratings","Intel Core i5 Processor (11th Gen)","16 GB DDR4 RAM","64 bit Windows 11 Operating System","512 GB SSD","35.56 cm (14 inch) Display","1 Year Onsite�Warranty�+ 1 Year Premium Care + 1 Year Accidental Damage Protection","₹64,990"
"DELL Vostro Core i3 10th Gen - (8 GB/512 GB SSD/Windows 11 Home) vostro 3510 icl Thin and Light Laptop","4","191 Ratings","Intel Core i3 Processor (10th Gen)","8 GB DDR4 RAM","64 bit Windows 11 Operating System","512 GB SSD","39.62 cm (15.6 inch) Display","Microsoft Office Home & Student 2021","₹41,890"
"Lenovo Ideapad Slim 3 Core i3 10th Gen - (8 GB/512 GB SSD/Windows 11 Home) 81WE01QLIN | 81WE01QJIN Lap...","4.4","206 Ratings","Intel Core i3 Processor (10th Gen)","8 GB DDR4 RAM","64 bit Windows 10 Operating System","512 GB SSD","39.62 cm (15.6 inch) Display","Microsoft Office Home & Student 2021","₹37,490"
"HP Pavilion Ryzen 5 Hexa Core 5625U - (16 GB/512 GB SSD/Windows 11 Home) 14-EC1019AU Thin and Light La...","4.5","172 Ratings","AMD Ryzen 5 Hexa Core Processor","16 GB DDR4 RAM","64 bit Windows 11 Operating System","512 GB SSD","35.56 cm (14 inch) Display","1 Year Onsite Warranty","₹63,999"
"Infinix INBook X1 Neo Series Celeron Quad Core - (8 GB/256 GB SSD/Windows 11 Home) XL22 Thin and Light...","4.2","2,885 Ratings","Intel Celeron Quad Core Processor","8 GB LPDDR4X RAM","64 bit Windows 11 Operating System","256 GB SSD","35.56 cm (14 inch) Display","1 Year Onsite Warranty","₹24,999"
"ASUS TUF Gaming A15 Ryzen 5 Hexa Core AMD R5-4600H - (8 GB/1 TB SSD/Windows 11 Home/4 GB Graphics/NVID...","4.5","192 Ratings","AMD Ryzen 5 Hexa Core Processor","8 GB DDR4 RAM","64 bit Windows 11 Operating System","1 TB SSD","39.62 cm (15.6 inch) Display","1 Year Onsite Warranty","₹59,990"
"ASUS TUF Gaming F15 Core i9 11th Gen - (16 GB/1 TB SSD/Windows 10/6 GB Graphics/NVIDIA GeForce RTX 306...","4.7","7 Ratings","Intel Core i9 Processor (11th Gen)","16 GB DDR4 RAM","64 bit Windows 10 Operating System","1 TB SSD","39.62 cm (15.6 inch) Display","Office Home and Student 2019","₹1,22,990"
"ASUS ZenBook Duo 14 (2021) Touch Panel Core i5 11th Gen - (16 GB/512 GB SSD/Windows 11 Home/2 GB Graph...","","","Intel Core i5 Processor (11th Gen)","16 GB LPDDR4X RAM","64 bit Windows 11 Operating System","512 GB SSD","35.56 cm (14 inch) Touchscreen Display","Office Home and Student 2021","₹89,990"
"ASUS Ryzen 7 Octa Core 10th Gen - (16 GB/512 GB SSD/Windows 11 Home/4 GB Graphics/NVIDIA GeForce RTX30...","","","AMD Ryzen 7 Octa Core Processor (10th Gen)","16 GB DDR4 RAM","Windows 11 Operating System","512 GB SSD","43.94 cm (17.3 inch) Display","1 Year International","₹1,02,990"
"HP Intel Core i3 11th Gen - (8 GB/256 GB SSD/Windows 11 Home) 14-dy0212TU 2 in 1 Laptop","4.1","141 Ratings","Intel Core i3 Processor (11th Gen)","8 GB DDR4 RAM","64 bit Windows 11 Operating System","256 GB SSD","35.56 cm (14 inch) Touchscreen Display","Microsoft Office Home and Student 2021, HP Documentation, HP SSRM, HP Smart","₹48,990"
"HP Victus Intel Core i7 12th Gen - (8 GB/512 GB SSD/Windows 11 Home/4 GB Graphics/NVIDIA GeForce RTX 3...","4.4","24 Ratings","Intel Core i7 Processor (12th Gen)","8 GB DDR4 RAM","64 bit Windows 11 Operating System","512 GB SSD","39.62 cm (15.6 Inch) Display","1 Year Onsite Warranty","₹82,990"
"ASUS Vivobook 14 (2022) Core i5 12th Gen - (8 GB/512 GB SSD/Windows 11 Home) X1402ZA-EK522WS Thin and ...","4","6 Ratings","Intel Core i5 Processor (12th Gen)","8 GB DDR4 RAM","Windows 11 Operating System","512 GB SSD","35.56 cm (14 inch) Display","Microsoft Office Home & Student 2021","₹56,990"
"ASUS Vivobook 14 (2022) Core i5 12th Gen - (8 GB/512 GB SSD/Windows 11 Home) X1402ZA-EK522WS Thin and ...","4","6 Ratings","Intel Core i5 Processor (12th Gen)","8 GB DDR4 RAM","Windows 11 Operating System","512 GB SSD","35.56 cm (14 inch) Display","Microsoft Office Home & Student 2021","₹56,990"
"ASUS VivoBook 15 (2022) Core i3 11th Gen - (8 GB/1 TB HDD/256 GB SSD/Windows 11 Home) X515EA-EJ332WS T...","4.3","834 Ratings","Intel Core i3 Processor (11th Gen)","8 GB DDR4 RAM","64 bit Windows 11 Operating System","1 TB HDD|256 GB SSD","39.62 cm (15.6 inch) Display","Office Home and Student 2021","₹38,990"
"MSI Core i5 11th Gen - (8 GB/512 GB SSD/Windows 10 Home/4 GB Graphics/NVIDIA GeForce RTX 3050/144 Hz) ...","4.5","2,371 Ratings","Intel Core i5 Processor (11th Gen)","8 GB DDR4 RAM","64 bit Windows 10 Operating System","512 GB SSD","39.62 cm (15.6 Inch) Display","2 Year Carry-In Warranty Term","₹59,990"
"HP 15s Intel Core i3 11th Gen - (8 GB/512 GB SSD/Windows 11 Home) 15s-fq2671TU Thin and Light Laptop","4.2","154 Ratings","Intel Core i3 Processor (11th Gen)","8 GB DDR4 RAM","64 bit Windows 11 Operating System","512 GB SSD","39.62 cm (15.6 inch) Display","1 Year Onsite Warranty","₹41,990"
"DELL Ryzen 3 Quad Core 5425U - (8 GB/512 GB SSD/Windows 11 Home) Vostro 3425 Thin and Light Laptop","4.2","23 Ratings","Processor: R3-5425U (2.70 GHz up to 4.1 GHz)","RAM & Storage: 8GB DDR4 & 512GB SSD","Display:14.0"" FHD WVA AG Narrow Border 250 nits","Software: Win 11 + Office H&S 2021","Ports: 1 USB3.2 Gen1 Type-C port, 1 USB3.2 Gen1 port?, 1 USB 2.0 part?, 1 Headset jack, 1 HDMI 1.4, 1 Flip-down RJ 45 port 10/100/1000 Mbps?, 1 SD 3.0 card slot","WiFi & BT: 802.11ac 1x1 WiFi and Bluetooth","₹40,490"
"APPLE MacBook Air M1 - (8 GB/512 GB SSD/Mac OS Big Sur) Z12400092","4.7","8,325 Ratings","Apple M1 Processor","8 GB DDR4 RAM","Mac OS Operating System","512 GB SSD","33.78 cm (13.3 inch) Display","iMovie, Siri, GarageBand, Pages, Numbers, Photos, Keynote, Safari, Mail, FaceTime, Messages, Maps, Stocks, Home, Voice Memos, Notes, Calendar, Contacts, Reminders, Photo Booth, Preview, Books, App Store, Time Machine, TV, Music, Podcasts, Find My, QuickTime Player","₹1,04,990"
"ASUS VivoBook 15 Core i3 10th Gen - (4 GB/1 TB HDD/Windows 10 Home) X515JA-BR381T Thin and Light Lapto...","3.7","4,552 Ratings","Intel Core i3 Processor (10th Gen)","4 GB DDR4 RAM","64 bit Windows 10 Operating System","1 TB HDD","39.62 cm (15.6 inch) Display","Splendid, Tru2Life, My Asus","₹28,990"
"APPLE 2021 Macbook Pro M1 Max - (32 GB/1 TB SSD/Mac OS Monterey) MK1A3HN/A","4.3","12 Ratings","Apple M1 Max Processor","32 GB Unified Memory RAM","Mac OS Operating System","1 TB SSD","41.15 cm (16.2 inch) Display","iMovie, Siri, GarageBand, Pages, Numbers, Photos, Keynote, Safari, Mail, FaceTime, Messages, Maps, Stocks, Home, Voice Memos, Notes, Calendar, Contacts, Reminders, Photo Booth, Preview, Books, App Store, Time Machine, TV, Music, Podcasts, Find My, QuickTime Player","₹3,06,990"
"MSI Core i7 11th Gen - (8 GB/512 GB SSD/Windows 10 Home/4 GB Graphics/NVIDIA GeForce GTX 1650 MAX Q/14...","4.4","82 Ratings","Intel Core i7 Processor (11th Gen)","8 GB DDR4 RAM","64 bit Windows 10 Operating System","512 GB SSD","39.62 cm (15.6 Inch) Display","2 Year Carry-In Warranty Term","₹59,990"
"Lenovo IdeaPad 3 CB Celeron Dual Core - (4 GB/64 GB EMMC Storage/Chrome OS) 14IGL05 Thin and Light Lap...","4.2","12 Ratings","Intel Celeron Dual Core Processor","4 GB LPDDR4 RAM","64 bit Chrome Operating System","35.56 cm (14 inch) Touchscreen Display","1 Year Onsite Warranty","","₹20,990"
"APPLE 2022 MacBook AIR M2 - (8 GB/256 GB SSD/Mac OS Monterey) MLXW3HN/A","4.7","40 Ratings","Apple M2 Processor","8 GB Unified Memory RAM","Mac OS Operating System","256 GB SSD","34.54 cm (13.6 Inch) Display","Built-in Apps: iMovie, Siri, GarageBand, Pages, Numbers, Photos, Keynote, Safari, Mail, FaceTime, Messages, Maps, Stocks, Home, Voice Memos, Notes, Calendar, Contacts, Reminders, Photo Booth, Preview, Books, App Store, Time Machine, TV, Music, Podcasts, Find My, QuickTime Player","₹1,12,990"
"HP OMEN Ryzen 7 Octa Core AMD R7-6800H - (16 GB/512 GB SSD/Windows 11 Home/8 GB Graphics/AMD Radeon RX...","4.5","27 Ratings","AMD Ryzen 7 Octa Core Processor","16 GB DDR5 RAM","64 bit Windows 11 Operating System","512 GB SSD","40.89 cm (16.1 inch) Display","Office Home and Student 2021","₹99,990"
"APPLE 2022 MacBook Pro M2 - (8 GB/256 GB SSD/Mac OS Monterey) MNEH3HN/A","4.5","29 Ratings","Apple M2 Processor","8 GB Unified Memory RAM","Mac OS Operating System","256 GB SSD","33.78 cm (13.3 Inch) Display","Built-in Apps: iMovie, Siri, GarageBand, Pages, Numbers, Photos, Keynote, Safari, Mail, FaceTime, Messages, Maps, Stocks, Home, Voice Memos, Notes, Calendar, Contacts, Reminders, Photo Booth, Preview, Books, App Store, Time Machine, TV, Music, Podcasts, Find My, QuickTime Player","₹1,21,990"
"ASUS Vivobook 15 Core i3 10th Gen - (8 GB/256 GB SSD/Windows 11 Home) X515JA-EJ312WS Thin and Light La...","4.3","660 Ratings","Intel Core i3 Processor (10th Gen)","8 GB DDR4 RAM","64 bit Windows 11 Operating System","256 GB SSD","39.62 cm (15.6 Inch) Display","1 Year Onsite Warranty","₹32,990"
"Lenovo ThinkBook 13s Core i5 11th Gen - (16 GB/512 GB SSD/Windows 10 Home) TB13s ITL Gen 2 Thin and Li...","4.2","154 Ratings","Intel Core i5 Processor (11th Gen)","16 GB DDR4 RAM","64 bit Windows 10 Operating System","512 GB SSD","33.02 cm (13 inch) Display","Microsoft Office Home & Student 2019","₹64,990"
"MSI Katana GF66 Core i7 11th Gen - (16 GB/512 GB SSD/Windows 10 Home/6 GB Graphics/NVIDIA GeForce RTX ...","4.3","80 Ratings","Intel Core i7 Processor (11th Gen)","16 GB DDR4 RAM","64 bit Windows 10 Operating System","512 GB SSD","39.62 cm (15.6 inch) Display","2 Year Carry-In Warranty Term","₹89,990"
"ASUS VivoBook Flip 14 Core i3 11th Gen - (8 GB/256 GB SSD/Windows 11 Home) TP470EA-EC302WS 2 in 1 Lapt...","4.6","90 Ratings","Intel Core i3 Processor (11th Gen)","8 GB LPDDR4X RAM","64 bit Windows 11 Operating System","256 GB SSD","35.56 cm (14 Inch) Touchscreen Display","1 Year onsite warranty","₹45,990"
"Infinix X1 Series Core i7 10th Gen - (16 GB/512 GB SSD/Windows 11 Home/128 MB Graphics) XL12 Thin and ...","4.2","170 Ratings","Intel Core i7 Processor (10th Gen)","16 GB LPDDR4X RAM","64 bit Windows 11 Operating System","512 GB SSD","35.56 cm (14 Inch) Display","1 Year Onsite Warranty","₹46,990"
"MSI GP66 Leopard Core i7 11th Gen - (16 GB/1 TB SSD/Windows 10 Home/8 GB Graphics/NVIDIA GeForce RTX 3...","4.5","93 Ratings","Intel Core i7 Processor (11th Gen)","16 GB DDR4 RAM","64 bit Windows 10 Operating System","1 TB SSD","39.62 cm (15.6 inch) Display","2 Year Carry-In Warranty Term","₹1,29,990"
"ASUS VivoBook Flip 14 Core i3 11th Gen - (8 GB/512 GB SSD/Windows 11 Home) TP470EA-EC312WS 2 in 1 Lapt...","4","120 Ratings","Intel Core i3 Processor (11th Gen)","8 GB LPDDR4X RAM","64 bit Windows 11 Operating System","512 GB SSD","35.56 cm (14 Inch) Touchscreen Display","1 Year onsite warranty","₹48,990"
"acer Aspire 3 Ryzen 3 Dual Core 3250U - (8 GB/256 GB SSD/Windows 11 Home) A315-23 Laptop","","","AMD Ryzen 3 Dual Core Processor","8 GB DDR4 RAM","64 bit Windows 11 Operating System","256 GB SSD","39.62 cm (15.6 Inch) Display","1 Year International Travelers Warranty (ITW)","₹24,990"
"ASUS Core i3 10th Gen - (8 GB/512 GB SSD/Windows 11 Home) X415JA-EK324WS Notebook","4.8","4 Ratings","Intel Core i3 Processor (10th Gen)","8 GB DDR4 RAM","Windows 11 Operating System","512 GB SSD","35.56 cm (14 inch) Display","1 Year Manufacturer","₹33,990"
"ASUS VivoBook K15 OLED Ryzen 5 Hexa Core AMD R5-5500U - (16 GB/512 GB SSD/Windows 11 Home) KM513UA-L51...","4.4","670 Ratings","AMD Ryzen 5 Hexa Core Processor","16 GB DDR4 RAM","64 bit Windows 11 Operating System","512 GB SSD","39.62 cm (15.6 Inch) Display","1 Year onsite warranty","₹56,990"
"HP Ryzen 3 Dual Core 3250U - (8 GB/512 GB SSD/Windows 11 Home) 15s- eq1560AU Thin and Light Laptop","4.3","3,720 Ratings","AMD Ryzen 3 Dual Core Processor","8 GB DDR4 RAM","64 bit Windows 11 Operating System","512 GB SSD","39.62 cm (15.6 inch) Display","1 Year Onsite Warranty","₹33,990"
"ASUS Vivobook 14 Core i3 10th Gen - (4 GB/1 TB HDD/Windows 10 Home) X409FA-EK617T Thin and Light Lapto...","3.6","62 Ratings","Intel Core i3 Processor (10th Gen)","4 GB DDR4 RAM","64 bit Windows 10 Operating System","1 TB HDD","35.81 cm (14.1 inch) Display","1 Year Manufacturing Warranty","₹30,650"
"realme Book (Slim) Core i3 11th Gen - (8 GB/256 GB SSD/Windows 10 Home) RMNB1001 Thin and Light Laptop","4.4","11,796 Ratings","Stylish & Portable Thin and Light Laptop","14 inch 2K QHD, IPS LCD Display ( 400nits peak brightness, 100% sRGB, 3:2 aspect ratio, Full Vision Display)","Finger Print Sensor for Faster System Access","Light Laptop without Optical Disk Drive","Intel Core i3 Processor (11th Gen)","8 GB DDR4 RAM","₹46,990"
"APPLE 2022 MacBook AIR M2 - (8 GB/512 GB SSD/Mac OS Monterey) MLXX3HN/A","4.7","15 Ratings","Apple M2 Processor","8 GB Unified Memory RAM","Mac OS Operating System","512 GB SSD","34.54 cm (13.6 Inch) Display","Built-in Apps: iMovie, Siri, GarageBand, Pages, Numbers, Photos, Keynote, Safari, Mail, FaceTime, Messages, Maps, Stocks, Home, Voice Memos, Notes, Calendar, Contacts, Reminders, Photo Booth, Preview, Books, App Store, Time Machine, TV, Music, Podcasts, Find My, QuickTime Player","₹1,39,990"
"APPLE 2020 Macbook Air M1 - (8 GB/256 GB SSD/Mac OS Big Sur) MGN93HN/A","4.7","8,325 Ratings","Apple M1 Processor","8 GB DDR4 RAM","Mac OS Operating System","256 GB SSD","33.78 cm (13.3 inch) Display","Built-in Apps: iMovie, Siri, GarageBand, Pages, Numbers, Photos, Keynote, Safari, Mail, FaceTime, Messages, Maps, Stocks, Home, Voice Memos, Notes, Calendar, Contacts, Reminders, Photo Booth, Preview, Books, App Store, Time Machine, TV, Music, Podcasts, Find My, QuickTime Player","₹88,990"
"ASUS Core i3 10th Gen - (8 GB + 32 GB Optane/512 GB SSD/Windows 10 Home) X515JA-EJ362TS Thin and Light...","4.4","1,953 Ratings","Intel Core i3 Processor (10th Gen)","8 GB DDR4 RAM","64 bit Windows 10 Operating System","512 GB SSD","39.62 cm (15.6 inch) Display","Microsoft Office Home and Student 2019, System Diagnosis (All models), Splendid (All Models), Tru2Life (Intel Platform Models), Keyboard Hotkeys (All Models), AppDeals (All Models), Link to MyASUS (All Models, Bluetooth Needed)","₹33,990"
"ASUS Vivobook Pro 14X OLED with ASUS DialPad Ryzen 9 Octa Core 5900HX - (8 GB/1 TB SSD/Windows 10 Home...","4.1","10 Ratings","AMD Ryzen 9 Octa Core Processor","8 GB DDR4 RAM","64 bit Windows 10 Operating System","1 TB SSD","35.56 cm (14 Inch) Display","1 Year Onsite Warranty","₹94,990"
"SAMSUNG Galaxy Book2 Core i5 12th Gen - (8 GB/256 GB SSD/Windows 11 Home) NP750XED-KB1IN Thin and Ligh...","4.6","68 Ratings","Intel Core i5 Processor (12th Gen)","8 GB LPDDR4X RAM","64 bit Windows 11 Operating System","256 GB SSD","39.62 cm (15.6 Inch) Display","1 Year Onsite Warranty","₹61,990"
"MSI Alpha 15 AMD Advantage Edition Ryzen 7 Octa Core 5800H - (8 GB/512 GB SSD/Windows 11 Home/8 GB Gra...","4.5","346 Ratings","AMD Ryzen 7 Octa Core Processor","8 GB DDR4 RAM","64 bit Windows 11 Operating System","512 GB SSD","39.62 cm (15.6 inch) Display","Windows 11 Home, MSI Center, CoolerBoost","₹79,990"
"MSI Delta 15 AMD Advantage Edition Ryzen 9 Octa Core 5900HX 5th Gen - (16 GB/1 TB SSD/Windows 11 Home/...","4.6","28 Ratings","AMD Ryzen 9 Octa Core Processor (5th Gen)","16 GB DDR4 RAM","64 bit Windows 11 Operating System","1 TB SSD","39.62 cm (15.6 inch) Display","1 Year On-Site Warranty","₹1,09,990"
"realme Book(Slim) Intel Evo Core i5 11th Gen - (8 GB/512 GB SSD/Windows 10 Home) RMNB1002 Thin and Lig...","4.4","6,624 Ratings","Powered by 11th Gen Intel Evo Core i5 Processor","Microsoft Office 2019 Home & Student Included","Stylish Thin and Light Laptop without Optical Disk Drive","Intel Core i5 Processor (11th Gen)","8 GB DDR4 RAM","64 bit Windows 10 Operating System","₹48,790"
"ASUS ROG Strix G15 Advantage Edition with 90Whr Battery Ryzen 9 Octa Core 5980HX - (16 GB/1 TB SSD/Win...","4.3","7 Ratings","AMD Ryzen 9 Octa Core Processor","16 GB DDR4 RAM","Windows 11 Operating System","1 TB SSD","39.62 cm (15.6 inch) Display","Microsoft Office Home & Student","₹1,50,990"
"ASUS Vivobook 15 OLED (2022) Core i5 12th Gen - (16 GB/512 GB SSD/Windows 11 Home) X1505ZA-L1511WS Thi...","","","Get unparalleled power and reliability with the new Intel 12th Gen CPU","15.6 Inch Full HD OLED 16:9 aspect ratio, 0.2ms response time, 600nits HDR peak brightness, 100% DCI-P3 color gamut, VESA CERTIFIED Display HDR True Black 600, 1.07 billion colors, PANTONE Validated, Glossy display, 70% less harmful blue light, TUV Rheinland-certified","Stylish & Portable Just 1.99 cm thin and 1.7 kg in weight. US MIL-STD 810H Military-grade durability","Light Laptop without Optical Disk Drive","Backlit chiclet keyboard, Finger Print Sensor for Faster System Access","720p HD webcam with physical privacy shutter","₹71,990"
"ASUS Vivobook 14 Core i3 11th Gen - (8 GB/1 TB HDD/256 GB SSD/Windows 11 Home) X415EA-EB372WS Thin and...","4.1","173 Ratings","Intel Core i3 Processor (11th Gen)","8 GB DDR4 RAM","64 bit Windows 11 Operating System","1 TB HDD|256 GB SSD","35.81 cm (14.1 inch) Display","Windows 11 Home, Microsoft Office Home & Student 2019, 1 Year Mcafee","₹38,990"
"Infinix X1 Slim Series Core i5 10th Gen - (16 GB/512 GB SSD/Windows 11 Home) XL21 Thin and Light Lapto...","4.1","252 Ratings","Intel Core i5 Processor (10th Gen)","16 GB LPDDR4X RAM","64 bit Windows 11 Operating System","512 GB SSD","35.56 cm (14 Inch) Display","NA","₹38,990"
"acer Aspire 3 Dual Core 3020e - (4 GB/256 GB SSD/Windows 11 Home) A314-22 Laptop","4.1","562 Ratings","AMD Dual Core Processor","4 GB DDR4 RAM","64 bit Windows 11 Operating System","256 GB SSD","35.56 cm (14 Inch) Display","Acer Care Center, Quick Access, Acer Product Registration","₹24,000"
"Infinix X1 Slim Series Core i3 10th Gen - (8 GB/256 GB SSD/Windows 11 Home) XL21 Thin and Light Laptop","4.2","3,714 Ratings","Intel Core i3 Processor (10th Gen)","8 GB LPDDR4X RAM","64 bit Windows 11 Operating System","256 GB SSD","35.56 cm (14 inch) Display","NA","₹29,990"
"ASUS TUF Gaming F15 Core i5 10th Gen - (8 GB/512 GB SSD/Windows 11 Home/4 GB Graphics/NVIDIA GeForce G...","4.5","5,044 Ratings","Intel Core i5 Processor (10th Gen)","8 GB DDR4 RAM","64 bit Windows 11 Operating System","512 GB SSD","39.62 cm (15.6 inch) Display","1 Year Onsite Warranty","₹54,990"
"DELL Ryzen 3 Quad Core 5425U - (8 GB/512 GB SSD/Windows 11 Home) Inspiron 3525 Thin and Light Laptop","4.5","6 Ratings","AMD Ryzen 3 Quad Core Processor","8 GB DDR4 RAM","64 bit Windows 11 Operating System","512 GB SSD","39.62 cm (15.6 Inch) Display","1 Year Onsite Hardware Service","₹43,667"
"Lenovo IdeaPad Core i3 10th Gen - (4 GB/256 GB SSD/Windows 11 Home) 15IIL05 Thin and Light Laptop","4.5","116 Ratings","Intel Core i3 Processor (10th Gen)","4 GB DDR4 RAM","64 bit Windows 11 Operating System","256 GB SSD","39.62 cm (15.6 inch) Display","1 Year Onsite Warranty","₹31,490"
"RedmiBook 15 Core i3 11th Gen - (8 GB/512 GB SSD/Windows 10 Home) Thin and Light Laptop","4.2","3,710 Ratings","Intel Core i3 Processor (11th Gen)","8 GB DDR4 RAM","Windows 10 Operating System","512 GB SSD","39.62 cm (15.6 Inch) Display","MS Office Home & Student 2019, Mi Smart Share, DTS Audio processing","₹44,990"
"acer Aspire 3 Core i5 11th Gen - (8 GB/512 GB SSD/Windows 11 Home) A315-58 Thin and Light Laptop","3.9","53 Ratings","Intel Core i5 Processor (11th Gen)","8 GB DDR4 RAM","64 bit Windows 11 Operating System","512 GB SSD","39.62 cm (15.6 Inch) Display","Acer Care Center, Quick Access, Acer Product Registration","₹42,990"
"acer Aspire 3 Core i3 11th Gen - (8 GB/256 GB SSD/Windows 11 Home) A315-58 Notebook","4.1","25 Ratings","Intel Core i3 Processor (11th Gen)","8 GB DDR4 RAM","64 bit Windows 11 Operating System","256 GB SSD","39.62 cm (15.6 inch) Display","1 Year International Travelers Warranty (ITW)","₹35,019"
"HP 15s Intel Core i5 12th Gen - (8 GB/512 GB SSD/Windows 11 Home) 15s-fy5001TU Thin and Light Laptop","4.1","29 Ratings","Intel Core i5 Processor (12th Gen)","8 GB DDR4 RAM","64 bit Windows 11 Operating System","512 GB SSD","39.62 cm (15.6 inch) Display","1 Year Onsite Warranty","₹58,899"
"Lenovo Ideapad Gaming 3 Core i5 11th Gen - (8 GB/1 TB HDD/256 GB SSD/Windows 11 Home/4 GB Graphics/NVI...","4.3","296 Ratings","Intel Core i5 Processor (11th Gen)","8 GB DDR4 RAM","64 bit Windows 11 Operating System","1 TB HDD|256 GB SSD","39.62 cm (15.6 inch) Display","Microsoft Office Home & Student 2021","₹67,490"